candidate_id,resolved_openml_id,source_pools,source_dataset_ids,dataset_name,retrieval_timestamp_utc,objective_eligible,semantic_eligible,duplicate_status,first_exclusion_reason,final_decision,openml_version,target_name,description_excerpt,class_labels,minority_label,majority_label,n_rows,n_source_features,n_numeric,n_categorical,n_continuous,n_encoded_features,missing_indicator_count,n_minority,n_majority,minority_prevalence,treatment_intensity_r,missing_fraction,max_balanced_train_size,raw_checksum,objective_checks_json,dtype_disagreement,check_binary,check_rows_in_range,check_has_continuous,check_prevalence_ge_0_02,check_prevalence_le_upper,check_minority_count_ge_250,check_missing_lt_10pct,check_encoded_features_le_100,check_tabpfn_envelope_balanced_train_le_10000,check_treatment_intensity_r_ge_0_5,review_status,semantic_decision,semantic_decision_reason,pipeline_determinism_candidate,suspected_issue
openml:3,3,openml_cc18,openml_cc18:3,kr-vs-kp,2026-08-31T21:40:34.910908+00:00,False,False,none,"objective_fail:has_continuous,prevalence_le_upper,treatment_intensity_r_ge_0_5",EXCLUDE,1,class,"Author: Alen Shapiro
Source: [UCI](https://archive.ics.uci.edu/ml/datasets/Chess+(King-Rook+vs.+King-Pawn))
Please cite: [UCI citation policy](https://archive.ics.uci.edu/ml/citation_policy.html)

1. Title: Chess End-Game -- King+Rook versus King+Pawn on a7
(usually abbreviated KRKPA7). The pawn on a7 means it is one square
away from queening. It is the King+Rook's side (white) to move.

2. Sources:
(a) Database originally generated and described by Alen Shapiro.
(b) Donor/Coder: Rob Holte (holte@uottawa.bitnet). The database
was supplied to Holte by Peter Clark of the Turing Institute
in Glasgow (pete@turing.ac.uk).
(c) Date: 1 August 1989

3. Past Usage:
- Alen D. Shapiro (1983,1987), ""Structured Induction in Expert Systems"",
Addison-Wesley. This book is based on Shapiro's Ph.D. thesis (",won|nowin,nowin,won,3196.0,36.0,0.0,36.0,0.0,36.0,0.0,1527.0,1669.0,0.477784730913642,0.0929927963326785,0.0,1670.0,195d8b053d6c3cc62ecdc1a8b120e2819c941dea91f3a5840176a4381aca87e8,"{""binary"": true, ""rows_in_range"": true, ""has_continuous"": false, ""prevalence_ge_0_02"": true, ""prevalence_le_upper"": false, ""minority_count_ge_250"": true, ""missing_lt_10pct"": true, ""encoded_features_le_100"": true, ""tabpfn_envelope_balanced_train_le_10000"": true, ""treatment_intensity_r_ge_0_5"": false}",False,True,True,False,True,False,True,True,True,True,False,,,,,
openml:6,6,openml_cc18,openml_cc18:6,letter,2026-08-31T21:40:36.227337+00:00,False,False,none,prefilter_rows_out_of_range:20000.0,EXCLUDE,1,class,"**Author**: David J. Slate  
**Source**: [UCI](https://archive.ics.uci.edu/ml/datasets/Letter+Recognition) - 01-01-1991  
**Please cite**: P. W. Frey and D. J. Slate. ""Letter Recognition Using Holland-style Adaptive Classifiers"". Machine Learning 6(2), 1991  

1. TITLE: 
  Letter Image Recognition Data 
 
    The objective is to identify each of a large number of black-and-white
    rectangular pixel displays as one of the 26 capital letters in the English
    alphabet.  The character images were based on 20 different fonts and each
    letter within these 20 fonts was randomly distorted to produce a file of
    20,000 unique stimuli.  Each stimulus was converted into 16 primitive
    numerical attributes (statistical moments and edge counts) which were then
    scaled to fit into a range ",,,,20000.0,,,,,,,,,,,,,,,,,,,,,,,,,,,,,,
openml:11,11,openml_cc18,openml_cc18:11,balance-scale,2026-08-31T21:40:36.924920+00:00,False,False,none,prefilter_not_binary:3.0,EXCLUDE,1,class,"**Author**: Siegler, R. S. (donated by Tim Hume)  
**Source**: [UCI](http://archive.ics.uci.edu/ml/datasets/balance+scale) - 1994  
**Please cite**: [UCI](https://archive.ics.uci.edu/ml/citation_policy.html)   

**Balance Scale Weight & Distance Database**  
This data set was generated to model psychological experimental results.  Each example is classified as having the balance scale tip to the right, tip to the left, or be balanced. The attributes are the left weight, the left distance, the right weight, and the right distance. The correct way to find the class is the greater of (left-distance * left-weight) and (right-distance * right-weight). If they are equal, it is balanced.

### Attribute description  
The attributes are the left weight, the left distance, the right weight, and the ",,,,,,,,,,,,,,,,,,,,,,,,,,,,,,,,,,
openml:12,12,openml_cc18,openml_cc18:12,mfeat-factors,2026-08-31T21:40:37.670373+00:00,False,False,none,prefilter_not_binary:10.0,EXCLUDE,1,class,"**Author**: Robert P.W. Duin, Department of Applied Physics, Delft University of Technology  
**Source**: [UCI](https://archive.ics.uci.edu/ml/datasets/Multiple+Features) - 1998  
**Please cite**: [UCI](https://archive.ics.uci.edu/ml/citation_policy.html)   

**Multiple Features Dataset: Factors**  
One of a set of 6 datasets describing features of handwritten numerals (0 - 9) extracted from a collection of Dutch utility maps. Corresponding patterns in different datasets correspond to the same original character. 200 instances per class (for a total of 2,000 instances) have been digitized in binary images. 

### Attribute Information  
The attributes represent 216 profile correlations. No more information is known.

### Relevant Papers  
A slightly different version of the database is used",,,,,,,,,,,,,,,,,,,,,,,,,,,,,,,,,,
openml:14,14,openml_cc18,openml_cc18:14,mfeat-fourier,2026-08-31T21:40:38.389471+00:00,False,False,none,prefilter_not_binary:10.0,EXCLUDE,1,class,"**Author**: Robert P.W. Duin, Department of Applied Physics, Delft University of Technology  
**Source**: [UCI](https://archive.ics.uci.edu/ml/datasets/Multiple+Features) - 1998  
**Please cite**: [UCI](https://archive.ics.uci.edu/ml/citation_policy.html)   

**Multiple Features Dataset: Fourier**  
One of a set of 6 datasets describing features of handwritten numerals (0 - 9) extracted from a collection of Dutch utility maps. Corresponding patterns in different datasets correspond to the same original character. 200 instances per class (for a total of 2,000 instances) have been digitized in binary images.

### Attribute Information  
The attributes represent 76 Fourier coefficients of the character shapes.

### Relevant Papers  
A slightly different version of the database is used in  
M.",,,,,,,,,,,,,,,,,,,,,,,,,,,,,,,,,,
openml:15,15,openml_cc18,openml_cc18:15,breast-w,2026-08-31T21:40:39.067297+00:00,False,False,none,"objective_fail:has_continuous,minority_count_ge_250",EXCLUDE,1,Class,"**Author**: Dr. William H. Wolberg, University of Wisconsin  
**Source**: [UCI](https://archive.ics.uci.edu/ml/datasets/breast+cancer+wisconsin+(original)), [University of Wisconsin](http://pages.cs.wisc.edu/~olvi/uwmp/cancer.html) - 1995  
**Please cite**: See below, plus [UCI](https://archive.ics.uci.edu/ml/citation_policy.html)  

**Breast Cancer Wisconsin (Original) Data Set.** Features are computed from a digitized image of a fine needle aspirate (FNA) of a breast mass. They describe characteristics of the cell nuclei present in the image. The target feature records the prognosis (malignant or benign). [Original data available here](ftp://ftp.cs.wisc.edu/math-prog/cpo-dataset/machine-learn/cancer/)  

Current dataset was adapted to ARFF format from the UCI version. Sample code ID's we",benign|malignant,malignant,benign,699.0,9.0,9.0,0.0,0.0,10.0,1.0,241.0,458.0,0.3447782546494993,0.900414937759336,0.0025433158480368,458.0,aa9ce101382f60a4257d0a54250c3d1626126658256f769bf0cee0d5817d2990,"{""binary"": true, ""rows_in_range"": true, ""has_continuous"": false, ""prevalence_ge_0_02"": true, ""prevalence_le_upper"": true, ""minority_count_ge_250"": false, ""missing_lt_10pct"": true, ""encoded_features_le_100"": true, ""tabpfn_envelope_balanced_train_le_10000"": true, ""treatment_intensity_r_ge_0_5"": true}",False,True,True,False,True,True,False,True,True,True,True,,,,,
openml:16,16,openml_cc18,openml_cc18:16,mfeat-karhunen,2026-08-31T21:40:39.434323+00:00,False,False,none,prefilter_not_binary:10.0,EXCLUDE,1,class,"**Author**: Robert P.W. Duin, Department of Applied Physics, Delft University of Technology  
**Source**: [UCI](https://archive.ics.uci.edu/ml/datasets/Multiple+Features) - 1998  
**Please cite**: [UCI](https://archive.ics.uci.edu/ml/citation_policy.html)   

**Multiple Features Dataset: Karhunen**  
One of a set of 6 datasets describing features of handwritten numerals (0 - 9) extracted from a collection of Dutch utility maps. Corresponding patterns in different datasets correspond to the same original character. 200 instances per class (for a total of 2,000 instances) have been digitized in binary images. 

### Attribute Information  
The attributes represent 64 descriptors from the Karhunen-Loeve Transform, a linear transform that corresponds to the projection of the images on the eigen",,,,,,,,,,,,,,,,,,,,,,,,,,,,,,,,,,
openml:18,18,openml_cc18,openml_cc18:18,mfeat-morphological,2026-08-31T21:40:40.156870+00:00,False,False,none,prefilter_not_binary:10.0,EXCLUDE,1,class,"**Author**: Robert P.W. Duin, Department of Applied Physics, Delft University of Technology  
**Source**: [UCI](https://archive.ics.uci.edu/ml/datasets/Multiple+Features) - 1998  
**Please cite**: [UCI](https://archive.ics.uci.edu/ml/citation_policy.html)   

**Multiple Features Dataset: Morphological**  
One of a set of 6 datasets describing features of handwritten numerals (0 - 9) extracted from a collection of Dutch utility maps. Corresponding patterns in different datasets correspond to the same original character. 200 instances per class (for a total of 2,000 instances) have been digitized in binary images. 

In this dataset, these digits are represented in terms of 6 morphological features. 

### Attribute Information  
The meaning of the features is mostly unknown. They are never na",,,,,,,,,,,,,,,,,,,,,,,,,,,,,,,,,,
openml:22,22,openml_cc18,openml_cc18:22,mfeat-zernike,2026-08-31T21:40:40.938410+00:00,False,False,none,prefilter_not_binary:10.0,EXCLUDE,1,class,"**Author**: Robert P.W. Duin, Department of Applied Physics, Delft University of Technology  
**Source**: [UCI](https://archive.ics.uci.edu/ml/datasets/Multiple+Features) - 1998  
**Please cite**: [UCI](https://archive.ics.uci.edu/ml/citation_policy.html)   

**Multiple Features Dataset: Zernike**  
One of a set of 6 datasets describing features of handwritten numerals (0 - 9) extracted from a collection of Dutch utility maps. Corresponding patterns in different datasets correspond to the same original character. 200 instances per class (for a total of 2,000 instances) have been digitized in binary images. 

In this dataset, these digits are represented in terms of 47 Zernike moments. 

### Attribute Information  
The attributes represent 47 rotation invariant Zernike moments. They can't d",,,,,,,,,,,,,,,,,,,,,,,,,,,,,,,,,,
openml:23,23,openml_cc18,openml_cc18:23,cmc,2026-08-31T21:40:41.717911+00:00,False,False,none,prefilter_not_binary:3.0,EXCLUDE,1,Contraceptive_method_used,"**Author**: [Tjen-Sien Lim](limt@stat.wisc.edu) 
**Source**: [As obtained from UCI](https://archive.ics.uci.edu/ml/datasets/Contraceptive+Method+Choice)
**Please cite**: [UCI citation](https://archive.ics.uci.edu/ml/citation_policy.html)

1. Title: Contraceptive Method Choice
 
 2. Sources:
    (a) Origin:  This dataset is a subset of the 1987 National Indonesia
                 Contraceptive Prevalence Survey
    (b) Creator: Tjen-Sien Lim (limt@stat.wisc.edu)
    (c) Donor:   Tjen-Sien Lim (limt@stat.wisc.edu)
    (c) Date:    June 7, 1997
 
 3. Past Usage:
    Lim, T.-S., Loh, W.-Y. & Shih, Y.-S. (1999). A Comparison of
    Prediction Accuracy, Complexity, and Training Time of Thirty-three
    Old and New Classification Algorithms. Machine Learning. Forthcoming.
    (ftp://ftp.stat.wisc",,,,,,,,,,,,,,,,,,,,,,,,,,,,,,,,,,
openml:28,28,openml_cc18,openml_cc18:28,optdigits,2026-08-31T21:40:42.379712+00:00,False,False,none,prefilter_not_binary:10.0,EXCLUDE,1,class,"**Author**: E. Alpaydin, C. Kaynak  
**Source**: [UCI](http://archive.ics.uci.edu/ml/datasets/optical+recognition+of+handwritten+digits)  
**Please cite**: [UCI citation policy](https://archive.ics.uci.edu/ml/citation_policy.html)  

1. Title of Database: Optical Recognition of Handwritten Digits
 
 2. Source:
  E. Alpaydin, C. Kaynak
  Department of Computer Engineering
  Bogazici University, 80815 Istanbul Turkey
  alpaydin@boun.edu.tr
  July 1998
 
 3. Past Usage:
  C. Kaynak (1995) Methods of Combining Multiple Classifiers and Their
  Applications to Handwritten Digit Recognition, 
  MSc Thesis, Institute of Graduate Studies in Science and 
  Engineering, Bogazici University.
 
  E. Alpaydin, C. Kaynak (1998) Cascading Classifiers, Kybernetika,
  to appear. ftp://ftp.icsi.berkeley.edu/",,,,,,,,,,,,,,,,,,,,,,,,,,,,,,,,,,
openml:29,29,openml_cc18,openml_cc18:29,credit-approval,2026-08-31T21:40:43.062036+00:00,False,False,none,"objective_fail:prevalence_le_upper,treatment_intensity_r_ge_0_5",EXCLUDE,1,class,"**Author**: Confidential - Donated by Ross Quinlan   
**Source**: [UCI](http://archive.ics.uci.edu/ml/datasets/credit+approval) - 1987  
**Please cite**: [UCI](http://archive.ics.uci.edu/ml/citation_policy.html)  

**Credit Approval**
This file concerns credit card applications. All attribute names and values have been changed to meaningless symbols to protect the confidentiality of the data.  
   
This dataset is interesting because there is a good mix of attributes -- continuous, nominal with small numbers of values, and nominal with larger numbers of values.  There are also a few missing values.",+|-,+,-,690.0,15.0,6.0,9.0,3.0,22.0,7.0,307.0,383.0,0.4449275362318841,0.2475570032573288,0.0064734299516908,384.0,b08e2c7925ba9f9a0800b844f08f276ca10cabd3b8c1e6d0064affebab1c8140,"{""binary"": true, ""rows_in_range"": true, ""has_continuous"": true, ""prevalence_ge_0_02"": true, ""prevalence_le_upper"": false, ""minority_count_ge_250"": true, ""missing_lt_10pct"": true, ""encoded_features_le_100"": true, ""tabpfn_envelope_balanced_train_le_10000"": true, ""treatment_intensity_r_ge_0_5"": false}",False,True,True,True,True,False,True,True,True,True,False,,,,,
openml:30,30,climb,climb:30,page-blocks,2026-08-31T21:40:43.472565+00:00,False,False,none,prefilter_not_binary:5.0,EXCLUDE,1,class,"**Author**:   
**Source**: Unknown -   
**Please cite**:   

1. Title of Database: Blocks Classification
 2. Sources:
    (a) Donato Malerba
        Dipartimento di Informatica
        University of Bari
        via Orabona 4
        70126 Bari - Italy
        phone: +39 - 80 - 5443269
        fax: +39 - 80 - 5443196
        malerbad@vm.csata.it
    (b) Donor: Donato Malerba
    (c) Date: July 1995
 3. Past Usage:
    This data set have been used to try different simplification methods
    for decision trees. A summary of the results can be found in:
 
    Malerba, D., Esposito, F., and Semeraro, G.
    ""A Further Comparison of Simplification Methods for Decision-Tree Induction.""
    In D. Fisher and H. Lenz (Eds.), ""Learning  from Data: 
    Artificial Intelligence and Statistics V"", Lect",,,,,,,,,,,,,,,,,,,,,,,,,,,,,,,,,,
openml:31,31,openml_cc18,openml_cc18:31,credit-g,2026-08-31T21:40:43.473442+00:00,False,False,none,objective_fail:has_continuous,EXCLUDE,1,class,"**Author**: Dr. Hans Hofmann  
**Source**: [UCI](https://archive.ics.uci.edu/ml/datasets/statlog+(german+credit+data)) - 1994    
**Please cite**: [UCI](https://archive.ics.uci.edu/ml/citation_policy.html)

**German Credit dataset**  
This dataset classifies people described by a set of attributes as good or bad credit risks.

This dataset comes with a cost matrix: 
``` 
Good  Bad (predicted)  
Good   0    1   (actual)  
Bad    5    0  
```

It is worse to class a customer as good when they are bad (5), than it is to class a customer as bad when they are good (1).  

### Attribute description  

1. Status of existing checking account, in Deutsche Mark.  
2. Duration in months  
3. Credit history (credits taken, paid back duly, delays, critical accounts)  
4. Purpose of the credit (car, tel",good|bad,bad,good,1000.0,20.0,7.0,13.0,0.0,20.0,0.0,300.0,700.0,0.3,1.3333333333333337,0.0,700.0,7558f9bc9ce89cafd46027a4abead99df8817f8d649966c33516c2ed99d15bfd,"{""binary"": true, ""rows_in_range"": true, ""has_continuous"": false, ""prevalence_ge_0_02"": true, ""prevalence_le_upper"": true, ""minority_count_ge_250"": true, ""missing_lt_10pct"": true, ""encoded_features_le_100"": true, ""tabpfn_envelope_balanced_train_le_10000"": true, ""treatment_intensity_r_ge_0_5"": true}",False,True,True,False,True,True,True,True,True,True,True,,,,,
openml:32,32,openml_cc18,openml_cc18:32,pendigits,2026-08-31T21:40:43.830233+00:00,False,False,none,prefilter_rows_out_of_range:10992.0,EXCLUDE,1,class,"**Author**: E. Alpaydin, Fevzi. Alimoglu  
**Source**: [UCI Machine Learning Repository](https://archive.ics.uci.edu/ml/datasets/Pen-Based+Recognition+of+Handwritten+Digits)  
**Please cite**:  [UCI citation policy](https://archive.ics.uci.edu/ml/citation_policy.html)

**Pen-Based Recognition of Handwritten Digits**  
We create a digit database by collecting 250 samples from 44 writers. The samples, written by 30 writers, are used for training, cross-validation and writer dependent testing, and the digits written by the other 14 are used for writer independent testing. This database is also available in the UNIPEN format.

We use a WACOM PL-100V pressure sensitive tablet with an integrated LCD display and a cordless stylus. The input and display areas are located in the same place. Attache",,,,10992.0,,,,,,,,,,,,,,,,,,,,,,,,,,,,,,
openml:37,37,openml_cc18,openml_cc18:37,diabetes,2026-08-31T21:40:44.514178+00:00,True,False,removed_duplicate_variant,duplicate_of:46921,EXCLUDE,1,class,"**Author**: [Vincent Sigillito](vgs@aplcen.apl.jhu.edu)  

**Source**: [Obtained from UCI](https://archive.ics.uci.edu/ml/datasets/pima+indians+diabetes) 

**Please cite**: [UCI citation policy](https://archive.ics.uci.edu/ml/citation_policy.html)  

1. Title: Pima Indians Diabetes Database
 
 2. Sources:
    (a) Original owners: National Institute of Diabetes and Digestive and
                         Kidney Diseases
    (b) Donor of database: Vincent Sigillito (vgs@aplcen.apl.jhu.edu)
                           Research Center, RMI Group Leader
                           Applied Physics Laboratory
                           The Johns Hopkins University
                           Johns Hopkins Road
                           Laurel, MD 20707
                           (301) 953-6231
    (",tested_negative|tested_positive,tested_positive,tested_negative,768.0,8.0,8.0,0.0,2.0,8.0,0.0,268.0,500.0,0.3489583333333333,0.8656716417910449,0.0,500.0,b70605c07257ad162b24f3e89dfaa2d09ed2c7f5d3838da95a24b7fa5ee508e1,"{""binary"": true, ""rows_in_range"": true, ""has_continuous"": true, ""prevalence_ge_0_02"": true, ""prevalence_le_upper"": true, ""minority_count_ge_250"": true, ""missing_lt_10pct"": true, ""encoded_features_le_100"": true, ""tabpfn_envelope_balanced_train_le_10000"": true, ""treatment_intensity_r_ge_0_5"": true}",False,True,True,True,True,True,True,True,True,True,True,PROPOSED_KEEP_METADATA_CLEAR,KEEP,openml_cc18_curated_benchmark_no_semantic_keyword_hits,,
openml:38,38,openml_cc18,openml_cc18:38,sick,2026-08-31T21:40:44.859858+00:00,False,False,none,objective_fail:minority_count_ge_250,EXCLUDE,1,Class,"**Author**: Ross Quinlan
**Source**: [UCI](http://archive.ics.uci.edu/ml/datasets/thyroid+disease)   
**Please cite**: Thyroid disease records supplied by the Garavan Institute and J. Ross Quinlan, New South Wales Institute, Syndney, Australia. 1987.

Attribute information:

```
sick, negative.   |  classes

age:    continuous.
sex:    M, F.
on thyroxine:   f, t.
query on thyroxine:  f, t.
on antithyroid medication: f, t.
sick:    f, t.
pregnant:   f, t.
thyroid surgery:  f, t.
I131 treatment:   f, t.
query hypothyroid:  f, t.
query hyperthyroid:  f, t.
lithium:   f, t.
goitre:    f, t.
tumor:    f, t.
hypopituitary:   f, t.
psych:    f, t.
TSH measured:   f, t.
TSH:    continuous.
T3 measured:   f, t.
T3:    continuous.
TT4 measured:   f, t.
TT4:    continuous.
T4U measured:   f, t.
T4U: ",negative|sick,sick,negative,3772.0,29.0,6.0,23.0,5.0,37.0,8.0,231.0,3541.0,0.0612407211028632,14.329004329004327,0.0554356967857534,3540.0,0c4c782d65a13619d511d01aba1a257eb612bd34c7843ef072efd298c0fd20a4,"{""binary"": true, ""rows_in_range"": true, ""has_continuous"": true, ""prevalence_ge_0_02"": true, ""prevalence_le_upper"": true, ""minority_count_ge_250"": false, ""missing_lt_10pct"": true, ""encoded_features_le_100"": true, ""tabpfn_envelope_balanced_train_le_10000"": true, ""treatment_intensity_r_ge_0_5"": true}",True,True,True,True,True,True,False,True,True,True,True,,,,,
openml:43,43,climb,climb:43,haberman,2026-08-31T21:40:46.144442+00:00,False,False,none,prefilter_rows_out_of_range:306.0,EXCLUDE,1,Survival_status,"**Author**:   
**Source**: Unknown -   
**Please cite**:   

1. Title: Haberman's Survival Data
 
 2. Sources:
    (a) Donor:   Tjen-Sien Lim (limt@stat.wisc.edu)
    (b) Date:    March 4, 1999
 
 3. Past Usage:
    1. Haberman, S. J. (1976). Generalized Residuals for Log-Linear
       Models, Proceedings of the 9th International Biometrics
       Conference, Boston, pp. 104-122.
    2. Landwehr, J. M., Pregibon, D., and Shoemaker, A. C. (1984),
       Graphical Models for Assessing Logistic Regression Models (with
       discussion), Journal of the American Statistical Association 79:
       61-83.
    3. Lo, W.-D. (1993). Logistic Regression Trees, PhD thesis,
       Department of Statistics, University of Wisconsin, Madison, WI.
 
 4. Relevant Information:
    The dataset contains cases",,,,306.0,,,,,,,,,,,,,,,,,,,,,,,,,,,,,,
openml:44,44,openml_cc18,openml_cc18:44,spambase,2026-08-31T21:40:46.145324+00:00,True,True,none,,KEEP,1,class,"**Author**: Mark Hopkins, Erik Reeber, George Forman, Jaap Suermondt    
**Source**: [UCI](https://archive.ics.uci.edu/ml/datasets/spambase)   
**Please cite**: [UCI](https://archive.ics.uci.edu/ml/citation_policy.html)

SPAM E-mail Database  
The ""spam"" concept is diverse: advertisements for products/websites, make money fast schemes, chain letters, pornography... Our collection of spam e-mails came from our postmaster and individuals who had filed spam.  Our collection of non-spam e-mails came from filed work and personal e-mails, and hence the word 'george' and the area code '650' are indicators of non-spam.  These are useful when constructing a personalized spam filter.  One would either have to blind such non-spam indicators or get a very wide collection of non-spam to generate a gene",0|1,1,0,4601.0,57.0,57.0,0.0,55.0,57.0,0.0,1813.0,2788.0,0.3940447728754618,0.5377826806398235,0.0,2788.0,7f499b0ae622eba831ce38e991682802cbc49deffd96ebcf30c1e6e801fb5840,"{""binary"": true, ""rows_in_range"": true, ""has_continuous"": true, ""prevalence_ge_0_02"": true, ""prevalence_le_upper"": true, ""minority_count_ge_250"": true, ""missing_lt_10pct"": true, ""encoded_features_le_100"": true, ""tabpfn_envelope_balanced_train_le_10000"": true, ""treatment_intensity_r_ge_0_5"": true}",False,True,True,True,True,True,True,True,True,True,True,PROPOSED_KEEP_METADATA_CLEAR,KEEP,openml_cc18_curated_benchmark_no_semantic_keyword_hits,,
openml:46,46,openml_cc18,openml_cc18:46,splice,2026-08-31T21:40:46.696764+00:00,False,False,none,prefilter_not_binary:3.0,EXCLUDE,1,Class,"**Author**: Genbank. Donated by G. Towell, M. Noordewier, and J. Shavlik  
**Source**: [UCI](https://archive.ics.uci.edu/ml/datasets/Molecular+Biology+(Splice-junction+Gene+Sequences))   
**Please cite**:  None  

Primate splice-junction gene sequences (DNA) with associated imperfect domain theory.
Splice junctions are points on a DNA sequence at which 'superfluous' DNA is removed during the process of protein creation in higher organisms. The problem posed in this dataset is to recognize, given a sequence of DNA, the boundaries between exons (the parts of the DNA sequence retained after splicing) and introns (the parts of the DNA sequence that are spliced out). This problem consists of two subtasks: recognizing exon/intron boundaries (referred to as EI sites), and recognizing intron/exon ",,,,,,,,,,,,,,,,,,,,,,,,,,,,,,,,,,
openml:50,50,openml_cc18,openml_cc18:50,tic-tac-toe,2026-08-31T21:40:48.479817+00:00,False,False,none,objective_fail:has_continuous,EXCLUDE,1,Class,"**Author**: David W. Aha    
**Source**: [UCI](https://archive.ics.uci.edu/ml/datasets/Tic-Tac-Toe+Endgame) - 1991   
**Please cite**: [UCI](http://archive.ics.uci.edu/ml/citation_policy.html)

**Tic-Tac-Toe Endgame database**  
This database encodes the complete set of possible board configurations at the end of tic-tac-toe games, where ""x"" is assumed to have played first.  The target concept is ""win for x"" (i.e., true when ""x"" has one of 8 possible ways to create a ""three-in-a-row"").  

### Attribute Information  

     (x=player x has taken, o=player o has taken, b=blank)
     1. top-left-square: {x,o,b}
     2. top-middle-square: {x,o,b}
     3. top-right-square: {x,o,b}
     4. middle-left-square: {x,o,b}
     5. middle-middle-square: {x,o,b}
     6. middle-right-square: {x,o,b}
     ",negative|positive,negative,positive,958.0,9.0,0.0,9.0,0.0,9.0,0.0,332.0,626.0,0.3465553235908142,0.8855421686746987,0.0,626.0,e3207bcd2e8a838364ab1e8e912d8c4e337e2048a6c79ab1c52745592ac60a78,"{""binary"": true, ""rows_in_range"": true, ""has_continuous"": false, ""prevalence_ge_0_02"": true, ""prevalence_le_upper"": true, ""minority_count_ge_250"": true, ""missing_lt_10pct"": true, ""encoded_features_le_100"": true, ""tabpfn_envelope_balanced_train_le_10000"": true, ""treatment_intensity_r_ge_0_5"": true}",False,True,True,False,True,True,True,True,True,True,True,,,,,
openml:54,54,openml_cc18,openml_cc18:54,vehicle,2026-08-31T21:40:50.046188+00:00,False,False,none,prefilter_not_binary:4.0,EXCLUDE,1,Class,"**Author**: Dr. Pete Mowforth and Dr. Barry Shepherd  
**Source**: [UCI](https://archive.ics.uci.edu/ml/datasets/Statlog+(Vehicle+Silhouettes))
**Please cite**: Siebert,JP. Turing Institute Research Memorandum TIRM-87-018 ""Vehicle Recognition Using Rule Based Methods"" (March 1987)  

 NAME
         vehicle silhouettes
 
 PURPOSE
         to classify a given silhouette as one of four types of vehicle,
         using  a set of features extracted from the silhouette. The
         vehicle may be viewed from one of many different angles.  
 
 PROBLEM TYPE
         classification
         
 SOURCE
         Drs.Pete Mowforth and Barry Shepherd
         Turing Institute
         George House
         36 North Hanover St.
         Glasgow
         G1 2AD
 
 CONTACT
         Alistair Sutherland
    ",,,,,,,,,,,,,,,,,,,,,,,,,,,,,,,,,,
openml:151,151,openml_cc18,openml_cc18:151,electricity,2026-08-31T21:40:50.833203+00:00,False,False,none,prefilter_rows_out_of_range:45312.0,EXCLUDE,1,class,"**Author**: M. Harries, J. Gama, A. Bifet  
**Source**: [Joao Gama](http://www.inescporto.pt/~jgama/ales/ales_5.html) - 2009  
**Please cite**: None  

**Electricity** is a widely used dataset described by M. Harries and analyzed by J. Gama (see papers below). This data was collected from the Australian New South Wales Electricity Market. In this market, prices are not fixed and are affected by demand and supply of the market. They are set every five minutes. Electricity transfers to/from the neighboring state of Victoria were done to alleviate fluctuations.

The dataset (originally named ELEC2) contains 45,312 instances dated from 7 May 1996 to 5 December 1998. Each example of the dataset refers to a period of 30 minutes, i.e. there are 48 instances for each time period of one day. Each e",,,,45312.0,,,,,,,,,,,,,,,,,,,,,,,,,,,,,,
openml:182,182,openml_cc18,openml_cc18:182,satimage,2026-08-31T21:40:51.551715+00:00,False,False,none,prefilter_not_binary:6.0,EXCLUDE,1,class,"**Author**: Ashwin Srinivasan, Department of Statistics and Data Modeling, University of Strathclyde  
**Source**: [UCI](https://archive.ics.uci.edu/ml/datasets/Statlog+(Landsat+Satellite)) - 1993  
**Please cite**: [UCI](https://archive.ics.uci.edu/ml/citation_policy.html)  

The database consists of the multi-spectral values of pixels in 3x3 neighbourhoods in a satellite image, and the classification associated with the central pixel in each neighbourhood. The aim is to predict this classification, given the multi-spectral values. In the sample database, the class of a pixel is coded as a number. 

One frame of Landsat MSS imagery consists of four digital images of the same scene in different spectral bands. Two of these are in the visible region (corresponding approximately to green and",,,,,,,,,,,,,,,,,,,,,,,,,,,,,,,,,,
openml:188,188,openml_cc18,openml_cc18:188,eucalyptus,2026-08-31T21:40:52.464728+00:00,False,False,none,prefilter_not_binary:5.0,EXCLUDE,1,Utility,"**Author**: Bruce Bulloch    
**Source**: [WEKA Dataset Collection](http://www.cs.waikato.ac.nz/ml/weka/datasets.html) - part of the agridatasets archive. [This is the true source](http://tunedit.org/repo/Data/Agricultural/eucalyptus.arff)  
**Please cite**: None  

**Eucalyptus Soil Conservation**  
The objective was to determine which seedlots in a species are best for soil conservation in seasonally dry hill country. Determination is found by measurement of height, diameter by height, survival, and other contributing factors. 
 
It is important to note that eucalypt trial methods changed over time; earlier trials included mostly 15 - 30cm tall seedling grown in peat plots and the later trials have included mostly three replications of eight trees grown. This change may contribute to les",,,,,,,,,,,,,,,,,,,,,,,,,,,,,,,,,,
openml:300,300,openml_cc18,openml_cc18:300,isolet,2026-08-31T21:40:53.234751+00:00,False,False,none,prefilter_not_binary:26.0,EXCLUDE,1,class,"**Author**: Ron Cole and Mark Fanty (cole@cse.ogi.edu, fanty@cse.ogi.edu)  
**Donor**: Tom Dietterich (tgd@cs.orst.edu)  
**Source**: [UCI](https://archive.ics.uci.edu/ml/datasets/ISOLET)   
**Please cite**: UCI  

### Description

ISOLET (Isolated Letter Speech Recognition) dataset was generated as follows: 150 subjects spoke the name of each letter of the alphabet twice. Hence, there are 52 training examples from each speaker. The speakers are grouped into sets of 30 speakers each, 4 groups can serve as training set, the last group as the test set. A total of 3 examples are missing, the authors dropped them due to difficulties in recording. 

This is a good domain for a noisy, perceptual task. It is also a very good domain for testing the scaling abilities of algorithms. For example, C4.",,,,,,,,,,,,,,,,,,,,,,,,,,,,,,,,,,
openml:307,307,openml_cc18,openml_cc18:307,vowel,2026-08-31T21:40:54.464549+00:00,False,False,none,prefilter_not_binary:11.0,EXCLUDE,2,Class,"**Author**: Peter Turney (peter@ai.iit.nrc.ca)   
**Source**: [UCI](https://archive.ics.uci.edu/ml/machine-learning-databases/undocumented/connectionist-bench/vowel/) - date unknown  
**Please cite**: [UCI citation policy](https://archive.ics.uci.edu/ml/citation_policy.html)

**Vowel Recognition (Deterding data)**
Speaker independent recognition of the eleven steady state vowels of British English using a specified training set of lpc derived log area ratios.
Collected by David Deterding (data and non-connectionist analysis), Mahesan Niranjan (first connectionist analysis), Tony Robinson (description, program, data, and results)

A very comprehensive description including comments by the authors can be found [here](https://archive.ics.uci.edu/ml/machine-learning-databases/undocumented/conn",,,,,,,,,,,,,,,,,,,,,,,,,,,,,,,,,,
openml:310,310,climb,climb:310,mammography,2026-08-31T21:40:55.150784+00:00,False,False,none,prefilter_rows_out_of_range:11183.0,EXCLUDE,1,class,"**Author**:   
  
**Source**: Unknown -   
**Please cite**:   

Mammography dataset

Past Usage:
1. Woods, K., Doss, C., Bowyer, K., Solka, J., Priebe, C.,",,,,11183.0,,,,,,,,,,,,,,,,,,,,,,,,,,,,,,
openml:458,458,openml_cc18,openml_cc18:458,analcatdata_authorship,2026-08-31T21:40:55.151723+00:00,False,False,none,prefilter_not_binary:4.0,EXCLUDE,1,Author,"**Author**:   
**Source**: Unknown - Date unknown  
**Please cite**:   

analcatdata    A collection of data sets used in the book ""Analyzing Categorical Data,""
by Jeffrey S. Simonoff, Springer-Verlag, New York, 2003. The submission
consists of a zip file containing two versions of each of 84 data sets,
plus this README file. Each data set is given in comma-delimited ASCII
(.csv) form, and Microsoft Excel (.xls) form.

NOTICE: These data sets may be used freely for scientific, educational and/or
noncommercial purposes, provided suitable acknowledgment is given (by citing
the above-named reference).

Further details concerning the book, including information on statistical software
(including sample S-PLUS/R and SAS code), are available at the web site

http://www.stern.nyu.edu/~jsimonof/An",,,,,,,,,,,,,,,,,,,,,,,,,,,,,,,,,,
openml:469,469,openml_cc18,openml_cc18:469,analcatdata_dmft,2026-08-31T21:40:55.818822+00:00,False,False,none,prefilter_not_binary:6.0,EXCLUDE,1,Prevention,"**Author**: Unknown   
**Source**: [Jeffrey S. Simonoff](http://people.stern.nyu.edu/jsimonof/AnalCatData/Data/) - 2003    
**Please cite**: Jeffrey S. Simonoff, Analyzing Categorical Data, Springer-Verlag, 2003

One of the datasets used in the book ""Analyzing Categorical Data,""
by Jeffrey S. Simonoff. It contains data on the DMFT Index (Decayed, Missing, and Filled Teeth) before and after different prevention strategies. The prevention strategy is commonly used as the (categorical) target.

### Attribute information  
* DMFT.Begin and DMFT.End: DMFT index before and after the prevention strategy
* Gender of the individual
* Ethnicity of the individual",,,,,,,,,,,,,,,,,,,,,,,,,,,,,,,,,,
openml:554,554,openml_cc18,openml_cc18:554,mnist_784,2026-08-31T21:40:56.527102+00:00,False,False,none,prefilter_rows_out_of_range:70000.0,EXCLUDE,1,class,"**Author**: Yann LeCun, Corinna Cortes, Christopher J.C. Burges  
**Source**: [MNIST Website](http://yann.lecun.com/exdb/mnist/) - Date unknown  
**Please cite**:  

The MNIST database of handwritten digits with 784 features, raw data available at: http://yann.lecun.com/exdb/mnist/. It can be split in a training set of the first 60,000 examples, and a test set of 10,000 examples  

It is a subset of a larger set available from NIST. The digits have been size-normalized and centered in a fixed-size image. It is a good database for people who want to try learning techniques and pattern recognition methods on real-world data while spending minimal efforts on preprocessing and formatting. The original black and white (bilevel) images from NIST were size normalized to fit in a 20x20 pixel box w",,,,70000.0,,,,,,,,,,,,,,,,,,,,,,,,,,,,,,
openml:733,733,climb,climb:733,machine_cpu,2026-08-31T21:40:57.206482+00:00,False,False,none,artificial_binarization:default_target_attribute_is_binaryClass,EXCLUDE,2,binaryClass,"**Author**:   
**Source**: Unknown - Date unknown  
**Please cite**:   

Binarized version of the original data set (see version 1). It converts the numeric target feature to a two-class nominal target feature by computing the mean and classifying all instances with a lower target value as positive ('P') and all others as negative ('N').",,,,,,,,,,,,,,,,,,,,,,,,,,,,,,,,,,
openml:735,735,climb,climb:735,cpu_small,2026-08-31T21:40:57.207465+00:00,False,False,none,artificial_binarization:default_target_attribute_is_binaryClass,EXCLUDE,3,binaryClass,"**Author**:   
**Source**: Unknown - Date unknown  
**Please cite**:   

Binarized version of the original data set (see version 1). It converts the numeric target feature to a two-class nominal target feature by computing the mean and classifying all instances with a lower target value as positive ('P') and all others as negative ('N').",,,,,,,,,,,,,,,,,,,,,,,,,,,,,,,,,,
openml:796,796,climb,climb:796,cpu,2026-08-31T21:40:57.208293+00:00,False,False,none,artificial_binarization:default_target_attribute_is_binaryClass,EXCLUDE,2,binaryClass,"**Author**:   
**Source**: Unknown - Date unknown  
**Please cite**:   

Binarized version of the original data set (see version 1). It converts the numeric target feature to a two-class nominal target feature by computing the mean and classifying all instances with a lower target value as positive ('P') and all others as negative ('N').",,,,,,,,,,,,,,,,,,,,,,,,,,,,,,,,,,
openml:821,821,climb,climb:821,house_16H,2026-08-31T21:40:57.209226+00:00,False,False,none,artificial_binarization:default_target_attribute_is_binaryClass,EXCLUDE,2,binaryClass,"**Author**:   
**Source**: Unknown - Date unknown  
**Please cite**:   

Binarized version of the original data set (see version 1). It converts the numeric target feature to a two-class nominal target feature by computing the mean and classifying all instances with a lower target value as positive ('P') and all others as negative ('N').",,,,,,,,,,,,,,,,,,,,,,,,,,,,,,,,,,
openml:833,833,climb,climb:833,bank32nh,2026-08-31T21:40:57.210082+00:00,False,False,none,artificial_binarization:default_target_attribute_is_binaryClass,EXCLUDE,2,binaryClass,"**Author**:   
**Source**: Unknown - Date unknown  
**Please cite**:   

Binarized version of the original data set (see version 1). It converts the numeric target feature to a two-class nominal target feature by computing the mean and classifying all instances with a lower target value as positive ('P') and all others as negative ('N').",,,,,,,,,,,,,,,,,,,,,,,,,,,,,,,,,,
openml:843,843,climb,climb:843,house_8L,2026-08-31T21:40:57.210923+00:00,False,False,none,artificial_binarization:default_target_attribute_is_binaryClass,EXCLUDE,2,binaryClass,"**Author**:   
**Source**: Unknown - Date unknown  
**Please cite**:   

Binarized version of the original data set (see version 1). It converts the numeric target feature to a two-class nominal target feature by computing the mean and classifying all instances with a lower target value as positive ('P') and all others as negative ('N').",,,,,,,,,,,,,,,,,,,,,,,,,,,,,,,,,,
openml:846,846,climb,climb:846,elevators,2026-08-31T21:40:57.211692+00:00,False,False,none,artificial_binarization:default_target_attribute_is_binaryClass,EXCLUDE,2,binaryClass,"**Author**:   
**Source**: Unknown - Date unknown  
**Please cite**:   

Binarized version of the original data set (see version 1). It converts the numeric target feature to a two-class nominal target feature by computing the mean and classifying all instances with a lower target value as positive ('P') and all others as negative ('N').",,,,,,,,,,,,,,,,,,,,,,,,,,,,,,,,,,
openml:949,949,climb,climb:949,arsenic-female-bladder,2026-08-31T21:40:57.212462+00:00,False,False,none,artificial_binarization:default_target_attribute_is_binaryClass,EXCLUDE,2,binaryClass,"**Author**:   
**Source**: Unknown - Date unknown  
**Please cite**:   

Binarized version of the original data set (see version 1). It converts the numeric target feature to a two-class nominal target feature by computing the mean and classifying all instances with a lower target value as positive ('P') and all others as negative ('N'). Originally converted by Quan Sun.",,,,,,,,,,,,,,,,,,,,,,,,,,,,,,,,,,
openml:971,971,climb,climb:971,mfeat-fourier,2026-08-31T21:40:57.213232+00:00,False,False,none,artificial_binarization:default_target_attribute_is_binaryClass,EXCLUDE,2,binaryClass,"**Author**:   
**Source**: Unknown - Date unknown  
**Please cite**:   

Binarized version of the original data set (see version 1). The multi-class target feature is converted to a two-class nominal target feature by re-labeling the majority class as positive ('P') and all others as negative ('N'). Originally converted by Quan Sun.",,,,,,,,,,,,,,,,,,,,,,,,,,,,,,,,,,
openml:976,976,climb,climb:976,JapaneseVowels,2026-08-31T21:40:57.213977+00:00,False,False,none,artificial_binarization:default_target_attribute_is_binaryClass,EXCLUDE,2,binaryClass,"**Author**:   
**Source**: Unknown - Date unknown  
**Please cite**:   

Binarized version of the original data set (see version 1). The multi-class target feature is converted to a two-class nominal target feature by re-labeling the majority class as positive ('P') and all others as negative ('N'). Originally converted by Quan Sun.",,,,,,,,,,,,,,,,,,,,,,,,,,,,,,,,,,
openml:977,977,climb,climb:977,letter,2026-08-31T21:40:57.214731+00:00,False,False,none,artificial_binarization:default_target_attribute_is_binaryClass,EXCLUDE,2,binaryClass,"**Author**:   
**Source**: Unknown - Date unknown  
**Please cite**:   

Binarized version of the original data set (see version 1). The multi-class target feature is converted to a two-class nominal target feature by re-labeling the majority class as positive ('P') and all others as negative ('N'). Originally converted by Quan Sun.",,,,,,,,,,,,,,,,,,,,,,,,,,,,,,,,,,
openml:980,980,climb,climb:980,optdigits,2026-08-31T21:40:57.215498+00:00,False,False,none,artificial_binarization:default_target_attribute_is_binaryClass,EXCLUDE,2,binaryClass,"**Author**:   
**Source**: Unknown - Date unknown  
**Please cite**:   

Binarized version of the original data set (see version 1). The multi-class target feature is converted to a two-class nominal target feature by re-labeling the majority class as positive ('P') and all others as negative ('N'). Originally converted by Quan Sun.",,,,,,,,,,,,,,,,,,,,,,,,,,,,,,,,,,
openml:994,994,climb,climb:994,vehicle,2026-08-31T21:40:57.216263+00:00,False,False,none,artificial_binarization:default_target_attribute_is_binaryClass,EXCLUDE,2,binaryClass,"**Author**:   
**Source**: Unknown - Date unknown  
**Please cite**:   

Binarized version of the original data set (see version 1). The multi-class target feature is converted to a two-class nominal target feature by re-labeling the majority class as positive ('P') and all others as negative ('N'). Originally converted by Quan Sun.",,,,,,,,,,,,,,,,,,,,,,,,,,,,,,,,,,
openml:995,995,climb,climb:995,mfeat-zernike,2026-08-31T21:40:57.217018+00:00,False,False,none,artificial_binarization:default_target_attribute_is_binaryClass,EXCLUDE,2,binaryClass,"**Author**:   
**Source**: Unknown - Date unknown  
**Please cite**:   

Binarized version of the original data set (see version 1). The multi-class target feature is converted to a two-class nominal target feature by re-labeling the majority class as positive ('P') and all others as negative ('N'). Originally converted by Quan Sun.",,,,,,,,,,,,,,,,,,,,,,,,,,,,,,,,,,
openml:1016,1016,climb,climb:1016,vowel,2026-08-31T21:40:57.217781+00:00,False,False,none,artificial_binarization:default_target_attribute_is_binaryClass,EXCLUDE,3,binaryClass,"**Author**:   
**Source**: Unknown - Date unknown  
**Please cite**:   

Binarized version of the original data set (see version 1). The multi-class target feature is converted to a two-class nominal target feature by re-labeling the majority class as positive ('P') and all others as negative ('N'). Originally converted by Quan Sun.",,,,,,,,,,,,,,,,,,,,,,,,,,,,,,,,,,
openml:1019,1019,climb,climb:1019,pendigits,2026-08-31T21:40:57.218532+00:00,False,False,none,artificial_binarization:default_target_attribute_is_binaryClass,EXCLUDE,2,binaryClass,"**Author**:   
**Source**: Unknown - Date unknown  
**Please cite**:   

Binarized version of the original data set (see version 1). The multi-class target feature is converted to a two-class nominal target feature by re-labeling the majority class as positive ('P') and all others as negative ('N'). Originally converted by Quan Sun.",,,,,,,,,,,,,,,,,,,,,,,,,,,,,,,,,,
openml:1020,1020,climb,climb:1020,mfeat-karhunen,2026-08-31T21:40:57.219283+00:00,False,False,none,artificial_binarization:default_target_attribute_is_binaryClass,EXCLUDE,2,binaryClass,"**Author**:   
**Source**: Unknown - Date unknown  
**Please cite**:   

Binarized version of the original data set (see version 1). The multi-class target feature is converted to a two-class nominal target feature by re-labeling the majority class as positive ('P') and all others as negative ('N'). Originally converted by Quan Sun.",,,,,,,,,,,,,,,,,,,,,,,,,,,,,,,,,,
openml:1021,1021,climb,climb:1021,page-blocks,2026-08-31T21:40:57.220030+00:00,False,False,none,artificial_binarization:default_target_attribute_is_binaryClass,EXCLUDE,2,binaryClass,"**Author**:   
**Source**: Unknown - Date unknown  
**Please cite**:   

Binarized version of the original data set (see version 1). The multi-class target feature is converted to a two-class nominal target feature by re-labeling the majority class as positive ('P') and all others as negative ('N'). Originally converted by Quan Sun.",,,,,,,,,,,,,,,,,,,,,,,,,,,,,,,,,,
openml:1046,1046,climb,climb:1046,mozilla4,2026-08-31T21:40:57.220784+00:00,False,False,none,prefilter_rows_out_of_range:15545.0,EXCLUDE,1,state,"**Author**:   
**Source**: Unknown - Date unknown  
**Please cite**:   

%%%%%%%%%%%%%%%%%%%%%%%%%%%%%%%%%%%%%%%%%%%%%%%%%%%%%%%%%%%%%%%%%%%%%%%%%
This is a PROMISE Software Engineering Repository data set made publicly
available in order to encourage repeatable, verifiable, refutable, and/or
improvable predictive models of software engineering.

If you publish material based on PROMISE data sets then, please
follow the acknowledgment guidelines posted on the PROMISE repository
web page http://promisedata.org/repository .
%%%%%%%%%%%%%%%%%%%%%%%%%%%%%%%%%%%%%%%%%%%%%%%%%%%%%%%%%%%%%%%%%%%%%%%%

%%%%%%%%%%%%%%%%%%%%%%%%%%%%%%%%%%%%%%%%%%%%%%%%%%%%%%%%%%%%%%%%%%%%%%%%
(c) 2007  A. Gunes Koru
Contact: gkoru AT umbc DOT edu Phone: +1 (410) 455 8843
This data set is distributed under the
Creati",,,,15545.0,,,,,,,,,,,,,,,,,,,,,,,,,,,,,,
openml:1049,1049,climb;openml_cc18,climb:1049;openml_cc18:1049,pc4,2026-08-31T21:40:57.221633+00:00,False,False,none,objective_fail:minority_count_ge_250,EXCLUDE,1,c,"**Author**: Mike Chapman, NASA  
**Source**: [tera-PROMISE](http://openscience.us/repo/defect/mccabehalsted/pc1.html) - 2004  
**Please cite**: Sayyad Shirabad, J. and Menzies, T.J. (2005) The PROMISE Repository of Software Engineering Databases. School of Information Technology and Engineering, University of Ottawa, Canada.  
  
**PC4 Software defect prediction**  
One of the NASA Metrics Data Program defect data sets. Data from flight software for earth orbiting satellite. Data comes from McCabe and Halstead features extractors of source code.  These features were defined in the 70s in an attempt to objectively characterize code features that are associated with software quality.

### Relevant papers  

- Shepperd, M. and Qinbao Song and Zhongbin Sun and Mair, C. (2013)
Data Quality: Som",False|True,True,False,1458.0,37.0,37.0,0.0,12.0,37.0,0.0,178.0,1280.0,0.1220850480109739,6.191011235955057,0.0,1280.0,44e38b5b483eb1701e5718cc04e3473dab887ae3b9a4d5bea389a1aa1d37b0ea,"{""binary"": true, ""rows_in_range"": true, ""has_continuous"": true, ""prevalence_ge_0_02"": true, ""prevalence_le_upper"": true, ""minority_count_ge_250"": false, ""missing_lt_10pct"": true, ""encoded_features_le_100"": true, ""tabpfn_envelope_balanced_train_le_10000"": true, ""treatment_intensity_r_ge_0_5"": true}",False,True,True,True,True,True,False,True,True,True,True,,,,,
openml:1050,1050,climb;openml_cc18,climb:1050;openml_cc18:1050,pc3,2026-08-31T21:40:57.247818+00:00,False,False,none,objective_fail:minority_count_ge_250,EXCLUDE,1,c,"**Author**: Mike Chapman, NASA  
**Source**: [tera-PROMISE](http://openscience.us/repo/defect/mccabehalsted/pc3.html) - 2004  
**Please cite**: Sayyad Shirabad, J. and Menzies, T.J. (2005) The PROMISE Repository of Software Engineering Databases. School of Information Technology and Engineering, University of Ottawa, Canada.  
  
**PC3 Software defect prediction**  
One of the NASA Metrics Data Program defect data sets. Data from flight software for earth orbiting satellite. Data comes from McCabe and Halstead features extractors of source code.  These features were defined in the 70s in an attempt to objectively characterize code features that are associated with software quality.

### Relevant papers  

- Shepperd, M. and Qinbao Song and Zhongbin Sun and Mair, C. (2013)
Data Quality: Som",False|True,True,False,1563.0,37.0,37.0,0.0,14.0,37.0,0.0,160.0,1403.0,0.1023672424824056,7.76875,0.0,1402.0,2eb855e26fb804da7105951fc6eb94a47957af21e9f63fe251f78d646c9682ac,"{""binary"": true, ""rows_in_range"": true, ""has_continuous"": true, ""prevalence_ge_0_02"": true, ""prevalence_le_upper"": true, ""minority_count_ge_250"": false, ""missing_lt_10pct"": true, ""encoded_features_le_100"": true, ""tabpfn_envelope_balanced_train_le_10000"": true, ""treatment_intensity_r_ge_0_5"": true}",False,True,True,True,True,True,False,True,True,True,True,,,,,
openml:1053,1053,openml_cc18,openml_cc18:1053,jm1,2026-08-31T21:40:57.275927+00:00,False,False,none,prefilter_rows_out_of_range:10885.0,EXCLUDE,1,defects,"**Author**: [Mike Chapman, Galaxy Global Corporation](Robert.Chapman@ivv.nasa.gov)  
**Source**: [PROMISE Repository](http://promise.site.uottawa.ca/SERepository)  
**Please cite**: please follow the acknowledgment guidelines posted on [the PROMISE repository web page](http://promise.site.uottawa.ca/SERepository).  

This is a PROMISE data set made publicly available in order to encourage repeatable, verifiable, refutable, and/or improvable predictive models of software engineering.

If you publish material based on PROMISE data sets then, please follow the acknowledgment guidelines posted on [the PROMISE repository web page](http://promise.site.uottawa.ca/SERepository).

## Title/Topic
JM1/software defect prediction


## Sources
* **Creators:**  NASA, then the NASA Metrics Data Program, h",,,,10885.0,,,,,,,,,,,,,,,,,,,,,,,,,,,,,,
openml:1054,1054,climb,climb:1054,mc2,2026-08-31T21:40:57.956974+00:00,False,False,none,prefilter_rows_out_of_range:161.0,EXCLUDE,1,c,"**Author**: Mike Chapman, NASA  
**Source**: [tera-PROMISE](http://openscience.us/repo/defect/mccabehalsted/mc2.html) - 2004  
**Please cite**: Sayyad Shirabad, J. and Menzies, T.J. (2005) The PROMISE Repository of Software Engineering Databases. School of Information Technology and Engineering, University of Ottawa, Canada.  
  
**MC2 Software defect prediction**  
One of the NASA Metrics Data Program defect data sets. The specific type of software is unknown. Data comes from McCabe and Halstead features extractors of source code.  These features were defined in the 70s in an attempt to objectively characterize code features that are associated with software quality.

### Relevant papers  

- Shepperd, M. and Qinbao Song and Zhongbin Sun and Mair, C. (2013)
Data Quality: Some Comments on ",,,,161.0,,,,,,,,,,,,,,,,,,,,,,,,,,,,,,
openml:1063,1063,openml_cc18,openml_cc18:1063,kc2,2026-08-31T21:40:57.957969+00:00,False,False,none,objective_fail:minority_count_ge_250,EXCLUDE,1,problems,"**Author**: Mike Chapman, NASA  
**Source**: [tera-PROMISE](http://openscience.us/repo/defect/mccabehalsted/kc2.html) - 2004  
**Please cite**: Sayyad Shirabad, J. and Menzies, T.J. (2005) The PROMISE Repository of Software Engineering Databases. School of Information Technology and Engineering, University of Ottawa, Canada.  
  
**KC2 Software defect prediction**  
One of the NASA Metrics Data Program defect data sets. Data from software for science data processing. Data comes from McCabe and Halstead features extractors of source code.  These features were defined in the 70s in an attempt to objectively characterize code features that are associated with software quality.

### Attribute Information  

1. loc             : numeric % McCabe's line count of code
2. v(g)            : numeric",no|yes,yes,no,522.0,21.0,21.0,0.0,17.0,21.0,0.0,107.0,415.0,0.2049808429118774,2.878504672897196,0.0,414.0,39031116581e63c2ba1fc3b3747da2c5d2a70ca5a3c0a7e3e0f1dfb3c1c45272,"{""binary"": true, ""rows_in_range"": true, ""has_continuous"": true, ""prevalence_ge_0_02"": true, ""prevalence_le_upper"": true, ""minority_count_ge_250"": false, ""missing_lt_10pct"": true, ""encoded_features_le_100"": true, ""tabpfn_envelope_balanced_train_le_10000"": true, ""treatment_intensity_r_ge_0_5"": true}",False,True,True,True,True,True,False,True,True,True,True,,,,,
openml:1067,1067,climb;openml_cc18,climb:1067;openml_cc18:1067,kc1,2026-08-31T21:40:59.217976+00:00,True,True,none,,KEEP,1,defects,"**Author**: Mike Chapman, NASA  
**Source**: [tera-PROMISE](http://openscience.us/repo/defect/mccabehalsted/kc1.html) - 2004  
**Please cite**: Sayyad Shirabad, J. and Menzies, T.J. (2005) The PROMISE Repository of Software Engineering Databases. School of Information Technology and Engineering, University of Ottawa, Canada.  
  
**KC1 Software defect prediction**  
One of the NASA Metrics Data Program defect data sets. Data from software for storage management for receiving and processing ground data. Data comes from McCabe and Halstead features extractors of source code.  These features were defined in the 70s in an attempt to objectively characterize code features that are associated with software quality.

### Attribute Information  

1. loc             : numeric % McCabe's line count ",False|True,True,False,2109.0,21.0,21.0,0.0,17.0,21.0,0.0,326.0,1783.0,0.1545756282598387,4.469325153374233,0.0,1784.0,6fecfff679a8168cdf32dd8a3a01a59ec1e2cbd0d8405141a971599450c5c730,"{""binary"": true, ""rows_in_range"": true, ""has_continuous"": true, ""prevalence_ge_0_02"": true, ""prevalence_le_upper"": true, ""minority_count_ge_250"": true, ""missing_lt_10pct"": true, ""encoded_features_le_100"": true, ""tabpfn_envelope_balanced_train_le_10000"": true, ""treatment_intensity_r_ge_0_5"": true}",False,True,True,True,True,True,True,True,True,True,True,PROPOSED_KEEP_METADATA_CLEAR,KEEP,openml_cc18_curated_benchmark_no_semantic_keyword_hits,,
openml:1068,1068,climb;openml_cc18,climb:1068;openml_cc18:1068,pc1,2026-08-31T21:40:59.245857+00:00,False,False,none,objective_fail:minority_count_ge_250,EXCLUDE,1,defects,"**Author**: Mike Chapman, NASA  
**Source**: [tera-PROMISE](http://openscience.us/repo/defect/mccabehalsted/pc1.html) - 2004  
**Please cite**: Sayyad Shirabad, J. and Menzies, T.J. (2005) The PROMISE Repository of Software Engineering Databases. School of Information Technology and Engineering, University of Ottawa, Canada.  
  

**PC1 Software defect prediction**  
One of the NASA Metrics Data Program defect data sets. Data from flight software for earth orbiting satellite. Data comes from McCabe and Halstead features extractors of source code.  These features were defined in the 70s in an attempt to objectively characterize code features that are associated with software quality.

### Attribute Information  

1. loc             : numeric % McCabe's line count of code
2. v(g)            ",False|True,True,False,1109.0,21.0,21.0,0.0,17.0,21.0,0.0,77.0,1032.0,0.0694319206492335,12.4025974025974,0.0,1032.0,e6036085659cba6a27d6fd24946433d5392d54304ceb28de0a85e738b3edaac5,"{""binary"": true, ""rows_in_range"": true, ""has_continuous"": true, ""prevalence_ge_0_02"": true, ""prevalence_le_upper"": true, ""minority_count_ge_250"": false, ""missing_lt_10pct"": true, ""encoded_features_le_100"": true, ""tabpfn_envelope_balanced_train_le_10000"": true, ""treatment_intensity_r_ge_0_5"": true}",False,True,True,True,True,True,False,True,True,True,True,,,,,
openml:1217,1217,climb,climb:1217,Click_prediction_small,2026-08-31T21:40:59.266628+00:00,False,False,none,prefilter_rows_out_of_range:149639.0,EXCLUDE,2,click,"**Author**:   
**Source**: Unknown - Date unknown  
**Please cite**:   

Even smaller sample of version 1",,,,149639.0,,,,,,,,,,,,,,,,,,,,,,,,,,,,,,
openml:1461,1461,openml_cc18,openml_cc18:1461,bank-marketing,2026-08-31T21:40:59.267439+00:00,False,False,none,prefilter_rows_out_of_range:45211.0,EXCLUDE,1,Class,"**Author**: Paulo Cortez, Sérgio Moro
**Source**: [UCI](https://archive.ics.uci.edu/ml/datasets/bank+marketing)
**Please cite**: S. Moro, R. Laureano and P. Cortez. Using Data Mining for Bank Direct Marketing: An Application of the CRISP-DM Methodology. In P. Novais et al. (Eds.), Proceedings of the European Simulation and Modelling Conference - ESM'2011, pp. 117-121, Guimarães, Portugal, October, 2011. EUROSIS.       

**Bank Marketing**  
The data is related with direct marketing campaigns of a Portuguese banking institution. The marketing campaigns were based on phone calls. Often, more than one contact to the same client was required, in order to access if the product (bank term deposit) would be (or not) subscribed. 

The classification goal is to predict if the client will subscribe ",,,,45211.0,,,,,,,,,,,,,,,,,,,,,,,,,,,,,,
openml:1462,1462,openml_cc18,openml_cc18:1462,banknote-authentication,2026-08-31T21:40:59.997177+00:00,False,False,none,"objective_fail:prevalence_le_upper,treatment_intensity_r_ge_0_5",EXCLUDE,1,Class,"Author: Volker Lohweg (University of Applied Sciences, Ostwestfalen-Lippe)  
Source: [UCI](https://archive.ics.uci.edu/ml/datasets/banknote+authentication) - 2012  
Please cite: [UCI](https://archive.ics.uci.edu/ml/citation_policy.html) 

Dataset about distinguishing genuine and forged banknotes. Data were extracted from images that were taken from genuine and forged banknote-like specimens. For digitization, an industrial camera usually used for print inspection was used. The final images have 400x 400 pixels. Due to the object lens and distance to the investigated object gray-scale pictures with a resolution of about 660 dpi were gained. A Wavelet Transform tool was used to extract features from these images.

### Attribute Information  

V1. variance of Wavelet Transformed image (contin",1|2,2,1,1372.0,4.0,4.0,0.0,4.0,4.0,0.0,610.0,762.0,0.4446064139941691,0.2491803278688523,0.0,762.0,ab9d5d0ed48f373c52346909b7cf49819022cd2672db5fde71ecf87bc9e61516,"{""binary"": true, ""rows_in_range"": true, ""has_continuous"": true, ""prevalence_ge_0_02"": true, ""prevalence_le_upper"": false, ""minority_count_ge_250"": true, ""missing_lt_10pct"": true, ""encoded_features_le_100"": true, ""tabpfn_envelope_balanced_train_le_10000"": true, ""treatment_intensity_r_ge_0_5"": false}",False,True,True,True,True,False,True,True,True,True,False,,,,,
openml:1464,1464,climb;openml_cc18,climb:1464;openml_cc18:1464,blood-transfusion-service-center,2026-08-31T21:41:01.273005+00:00,False,False,none,"objective_fail:has_continuous,minority_count_ge_250",EXCLUDE,1,Class,"**Author**: Prof. I-Cheng Yeh  
**Source**: [UCI](https://archive.ics.uci.edu/ml/datasets/Blood+Transfusion+Service+Center)  
**Please cite**: Yeh, I-Cheng, Yang, King-Jang, and Ting, Tao-Ming, ""Knowledge discovery on RFM model using Bernoulli sequence"", Expert Systems with Applications, 2008.   

**Blood Transfusion Service Center Data Set**  
Data taken from the Blood Transfusion Service Center in Hsin-Chu City in Taiwan -- this is a classification problem.

To demonstrate the RFMTC marketing model (a modified version of RFM), this study adopted the donor database of Blood Transfusion Service Center in Hsin-Chu City in Taiwan. The center passes their blood transfusion service bus to one university in Hsin-Chu City to gather blood donated about every three months. To build an FRMTC model,",1|2,2,1,748.0,4.0,4.0,0.0,0.0,4.0,0.0,178.0,570.0,0.2379679144385026,2.202247191011236,0.0,570.0,6db784b97b7e4d6c9dffdf2b838c1833553af87cb167ac40dbc2b7492798910a,"{""binary"": true, ""rows_in_range"": true, ""has_continuous"": false, ""prevalence_ge_0_02"": true, ""prevalence_le_upper"": true, ""minority_count_ge_250"": false, ""missing_lt_10pct"": true, ""encoded_features_le_100"": true, ""tabpfn_envelope_balanced_train_le_10000"": true, ""treatment_intensity_r_ge_0_5"": true}",False,True,True,False,True,True,False,True,True,True,True,,,,,
openml:1468,1468,openml_cc18,openml_cc18:1468,cnae-9,2026-08-31T21:41:01.290869+00:00,False,False,none,prefilter_not_binary:9.0,EXCLUDE,1,Class,"**Author**: Patrick Marques Ciarelli, Elias Oliviera   
**Source**: [UCI](https://archive.ics.uci.edu/ml/datasets/CNAE-9) - 2010  
**Please cite**:   

### Description

This is a data set containing 1080 documents of free text business descriptions of Brazilian companies categorized into a subset of 9 categories.

### Source
```
Patrick Marques Ciarelli, pciarelli '@' lcad.inf.ufes.br, Department of Electrical Engineering, Federal University of Espirito Santo 
Elias Oliveira, elias '@' lcad.inf.ufes.br, Department of Information Science, Federal University of Espirito Santo
```

### Data Set Information

This is a data set containing 1080 documents of free text business descriptions of Brazilian companies categorized into a 
subset of 9 categories cataloged in a table called National Class",,,,,,,,,,,,,,,,,,,,,,,,,,,,,,,,,,
openml:1475,1475,climb;openml_cc18,climb:1475;openml_cc18:1475,first-order-theorem-proving,2026-08-31T21:41:01.985589+00:00,False,False,none,prefilter_not_binary:6.0,EXCLUDE,1,Class,"**Author**: James P Bridge, Sean B Holden and Lawrence C Paulson 
  
**Source**: [UCI](https://archive.ics.uci.edu/ml/datasets/First-order+theorem+proving)  

**Please cite**: James P Bridge, Sean B Holden and Lawrence C Paulson . Machine learning for first-order theorem proving: learning to select a good heuristic. Journal of Automated Reasoning, Springer 2012/13. 

Source:

James P Bridge, Sean B Holden and Lawrence C Paulson 

University of Cambridge 
Computer Laboratory 
William Gates Building 
15 JJ Thomson Avenue 
Cambridge CB3 0FD 
UK 

+44 (0)1223 763500 
forename.surname '@' cl.cam.ac.uk


Data Set Information:

See the file dataset file.


Attribute Information:

The attributes are a mixture of static and dynamic features derived from theorems to be proved. See the paper for full",,,,,,,,,,,,,,,,,,,,,,,,,,,,,,,,,,
openml:1478,1478,openml_cc18,openml_cc18:1478,har,2026-08-31T21:41:01.986617+00:00,False,False,none,prefilter_rows_out_of_range:10299.0,EXCLUDE,1,Class,"**Author**: Jorge L. Reyes-Ortiz, Davide Anguita, Alessandro Ghio, Luca Oneto and Xavier Parra  
**Source**: [UCI](https://archive.ics.uci.edu/ml/datasets/human+activity+recognition+using+smartphones)  
**Please cite**: Davide Anguita, Alessandro Ghio, Luca Oneto, Xavier Parra and Jorge L. Reyes-Ortiz. A Public Domain Dataset for Human Activity Recognition Using Smartphones. 21th European Symposium on Artificial Neural Networks, Computational Intelligence and Machine Learning, ESANN 2013. Bruges, Belgium 24-26 April 2013.   

**Human Activity Recognition**  
Human Activity Recognition (HAR) database built from the recordings of 30 subjects performing activities of daily living (ADL) while carrying a waist-mounted smartphone with embedded inertial sensors. This dataset version contains all ",,,,10299.0,,,,,,,,,,,,,,,,,,,,,,,,,,,,,,
openml:1480,1480,openml_cc18,openml_cc18:1480,ilpd,2026-08-31T21:41:02.671713+00:00,False,False,none,objective_fail:minority_count_ge_250,EXCLUDE,1,Class,"**Author**: Bendi Venkata Ramana, M. Surendra Prasad Babu, N. B. Venkateswarlu  
**Source**: [UCI](https://archive.ics.uci.edu/ml/datasets/ILPD+(Indian+Liver+Patient+Dataset)) - 2012  
**Please cite**: [UCI](https://archive.ics.uci.edu/ml/citation_policy.html)  

**Indian Liver Patient Dataset**  
This data set contains 416 liver patient records and 167 non liver patient records.The data set was collected from north east of Andhra Pradesh, India. The class label divides the patients into 2 groups (liver patient or not). This data set contains 441 male patient records and 142 female patient records. 

### Attribute Information  
V1. Age of the patient. Any patient whose age exceeded 89 is listed as being of age ""90"".  
V2. Gender of the patient  
V3. Total Bilirubin  
V4. Direct Bilirubin  ",1|2,2,1,583.0,10.0,9.0,1.0,5.0,10.0,0.0,167.0,416.0,0.2864493996569468,1.4910179640718564,0.0,416.0,b00a7f9b73e6e37ab2c53ff5aa705f0f00dc4707e035b9a1ac355d40ddd69fd6,"{""binary"": true, ""rows_in_range"": true, ""has_continuous"": true, ""prevalence_ge_0_02"": true, ""prevalence_le_upper"": true, ""minority_count_ge_250"": false, ""missing_lt_10pct"": true, ""encoded_features_le_100"": true, ""tabpfn_envelope_balanced_train_le_10000"": true, ""treatment_intensity_r_ge_0_5"": true}",False,True,True,True,True,True,False,True,True,True,True,,,,,
openml:1485,1485,openml_cc18,openml_cc18:1485,madelon,2026-08-31T21:41:04.023085+00:00,False,False,none,Structural zero treatment: minority prevalence=0.5 implies k=N_majority-N_minority=0.,EXCLUDE,1,Class,"**Author**: Isabelle Guyon  
**Source**: [UCI](http://archive.ics.uci.edu/ml/datasets/madelon)  
**Please cite**: Isabelle Guyon, Steve R. Gunn, Asa Ben-Hur, Gideon Dror, 2004. Result analysis of the NIPS 2003 feature selection challenge.

#### Abstract: 

MADELON is an artificial dataset, which was part of the NIPS 2003 feature selection challenge. This is a two-class classification problem with continuous input variables. The difficulty is that the problem is multivariate and highly non-linear.

#### Source:

Isabelle Guyon 
Clopinet 
955 Creston Road 
Berkeley, CA 90708 
isabelle '@' clopinet.com 

#### Data Set Information:

MADELON is an artificial dataset containing data points grouped in 32 clusters placed on the vertices of a five-dimensional hypercube and randomly labeled +1 or -1",,1,2,2600.0,500.0,,0.0,0.0,500.0,,1300.0,1300.0,0.5,0.0,0.0,,,,,,,,,,,,,,,,,,True,
openml:1486,1486,openml_cc18,openml_cc18:1486,nomao,2026-08-31T21:41:05.875839+00:00,False,False,none,prefilter_rows_out_of_range:34465.0,EXCLUDE,1,Class,"**Author**: Nomao Labs

**Source**: [UCI](https://archive.ics.uci.edu/ml/datasets/Nomao)

**Please cite**: Laurent Candillier and Vincent Lemaire. Design and Analysis of the Nomao Challenge - Active Learning in the Real-World. In: Proceedings of the ALRA : Active Learning in Real-world Applications, Workshop ECML-PKDD 2012, Friday, September 28, 2012, Bristol, UK.

1. Data set title:
Nomao Data Set 


2. Abstract: 
Nomao collects data about places (name, phone, localization...) from many sources. Deduplication consists in detecting what data refer to the same place. Instances in the dataset compare 2 spots.

3. Data Set Characteristics:  

- Univariate
- Area: Computer
- Attribute Characteristics: Real
- Associated Tasks: Classification
- Missing Values?: Yes


4. Source:

(a) Original own",,,,34465.0,,,,,,,,,,,,,,,,,,,,,,,,,,,,,,
openml:1487,1487,climb;openml_cc18,climb:1487;openml_cc18:1487,ozone-level-8hr,2026-08-31T21:41:06.570760+00:00,False,False,none,objective_fail:minority_count_ge_250,EXCLUDE,1,Class,"**Author**: Kun Zhang, Wei Fan, XiaoJing Yuan

**Source**: [UCI](https://archive.ics.uci.edu/ml/datasets/ozone+level+detection)

**Please cite**:   

Forecasting skewed biased stochastic ozone days: analyses, solutions and beyond, Knowledge and Information Systems, Vol. 14, No. 3, 2008. 


1 . Abstract: 
Two ground ozone level data sets are included in this collection. One is the eight hour peak set (eighthr.data), the other is the one hour peak set (onehr.data). Those data were collected from 1998 to 2004 at the Houston, Galveston and Brazoria area.

2. Source:

Kun Zhang, zhang.kun05 '@' gmail.com, Department of Computer Science, Xavier University of Lousiana 
Wei Fan, wei.fan '@' gmail.com, IBM T.J.Watson Research 
XiaoJing Yuan, xyuan '@' uh.edu, Engineering Technology Department, Coll",1|2,2,1,2534.0,72.0,72.0,0.0,72.0,72.0,0.0,160.0,2374.0,0.0631412786108918,13.8375,0.0,2374.0,b8ab7e01abcbdb864c3d567ffa02ee76398c401fb7765d0732b1beafb8b65015,"{""binary"": true, ""rows_in_range"": true, ""has_continuous"": true, ""prevalence_ge_0_02"": true, ""prevalence_le_upper"": true, ""minority_count_ge_250"": false, ""missing_lt_10pct"": true, ""encoded_features_le_100"": true, ""tabpfn_envelope_balanced_train_le_10000"": true, ""treatment_intensity_r_ge_0_5"": true}",False,True,True,True,True,True,False,True,True,True,True,,,,,
openml:1489,1489,climb;openml_cc18,climb:1489;openml_cc18:1489,phoneme,2026-08-31T21:41:06.610206+00:00,True,True,none,,KEEP,1,Class,"**Author**: Dominique Van Cappel, THOMSON-SINTRA  
**Source**: [KEEL](http://sci2s.ugr.es/keel/dataset.php?cod=105#sub2), [ELENA](https://www.elen.ucl.ac.be/neural-nets/Research/Projects/ELENA/databases/REAL/phoneme/) - 1993  
**Please cite**: None  

The aim of this dataset is to distinguish between nasal (class 0) and oral sounds (class 1). Five different attributes were chosen to characterize each vowel: they are the amplitudes of the five first harmonics AHi, normalised by the total energy Ene (integrated on all the frequencies): AHi/Ene. The phonemes are transcribed as follows: sh as in she, dcl as in dark, iy as the vowel in she, aa as the vowel in dark, and ao as the first vowel in water.  

### Source

The current dataset was formatted by the KEEL repository, but originally hosted ",1|2,2,1,5404.0,5.0,5.0,0.0,5.0,5.0,0.0,1586.0,3818.0,0.2934863064396743,1.4073139974779318,0.0,3818.0,c6b2d6cce799e15d6629333d542f6ec0a703eade0fa7c0ca22e712520e84fc16,"{""binary"": true, ""rows_in_range"": true, ""has_continuous"": true, ""prevalence_ge_0_02"": true, ""prevalence_le_upper"": true, ""minority_count_ge_250"": true, ""missing_lt_10pct"": true, ""encoded_features_le_100"": true, ""tabpfn_envelope_balanced_train_le_10000"": true, ""treatment_intensity_r_ge_0_5"": true}",False,True,True,True,True,True,True,True,True,True,True,METHODOLOGICAL_KEEP_RECORDED,KEEP,ELENA phoneme representation contains no usable speaker/group identifier; conventionally evaluated as IID in tabular benchmarking.,,
openml:1490,1490,climb,climb:1490,planning-relax,2026-08-31T21:41:06.650407+00:00,False,False,none,prefilter_rows_out_of_range:182.0,EXCLUDE,1,Class,"**Author**: Rajen Bhatt  

**Source**: UCI 

**Please cite**: Rajen Bhatt, 'Planning-Relax Dataset for Automatic Classification of EEG Signals', UCI Machine Learning Repository


* Title:

Planning Relax Data Set 


* Abstract: 

The dataset concerns with the classification of two mental stages from recorded EEG signals: Planning (during imagination of motor act) and Relax state.

* Data Set Characteristics:  

Univariate
Number of Instances: 182
Area: Computer
Attribute Characteristics: Real
Number of Attributes: 13
Associated Tasks: Classification
Missing Values? N/A

* Source:

Rajen Bhatt, rajen.bhatt '@' gmail.com, IIT Delhi


* Data Set Information:

EEG record contains many regular oscillations, which are believed to reflect synchronized rhythmic activity in a group of neurons. Most",,,,182.0,,,,,,,,,,,,,,,,,,,,,,,,,,,,,,
openml:1494,1494,openml_cc18,openml_cc18:1494,qsar-biodeg,2026-08-31T21:41:06.651318+00:00,True,False,removed_duplicate_variant_tabarena_precedence,duplicate_of:46952|tabarena_precedence,EXCLUDE,1,Class,"**Author**: Kamel Mansouri, Tine Ringsted, Davide Ballabio  
**Source**: [UCI](https://archive.ics.uci.edu/ml/datasets/QSAR+biodegradation)  
**Please cite**: Mansouri, K., Ringsted, T., Ballabio, D., Todeschini, R., Consonni, V. (2013). Quantitative Structure - Activity Relationship models for ready biodegradability of chemicals. Journal of Chemical Information and Modeling, 53, 867-878 


QSAR biodegradation Data Set 

* Abstract: 

Data set containing values for 41 attributes (molecular descriptors) used to classify 1055 chemicals into 2 classes (ready and not ready biodegradable).


* Source:

Kamel Mansouri, Tine Ringsted, Davide Ballabio (davide.ballabio '@' unimib.it), Roberto Todeschini, Viviana Consonni, Milano Chemometrics and QSAR Research Group (http://michem.disat.unimib.it/ch",1|2,2,1,1055.0,41.0,41.0,0.0,17.0,41.0,0.0,356.0,699.0,0.3374407582938388,0.9634831460674158,0.0,700.0,296d6233dee7c3a194bcaa19e2b1b365d900d5b4bcd94db480c8e1c0d3a761de,"{""binary"": true, ""rows_in_range"": true, ""has_continuous"": true, ""prevalence_ge_0_02"": true, ""prevalence_le_upper"": true, ""minority_count_ge_250"": true, ""missing_lt_10pct"": true, ""encoded_features_le_100"": true, ""tabpfn_envelope_balanced_train_le_10000"": true, ""treatment_intensity_r_ge_0_5"": true}",False,True,True,True,True,True,True,True,True,True,True,PROPOSED_KEEP_METADATA_CLEAR,KEEP,openml_cc18_curated_benchmark_no_semantic_keyword_hits,,
openml:1497,1497,openml_cc18,openml_cc18:1497,wall-robot-navigation,2026-08-31T21:41:08.080674+00:00,False,False,none,prefilter_not_binary:4.0,EXCLUDE,1,Class,"**Author**: Ananda Freire, Marcus Veloso and Guilherme Barreto     
**Source**: [UCI](https://archive.ics.uci.edu/ml/datasets/Wall-Following+Robot+Navigation+Data) - 2010  
**Please cite**: [UCI](https://archive.ics.uci.edu/ml/citation_policy.html)

**Wall-Following Robot Navigation Data Data Set**  
The data were collected as the SCITOS G5 robot navigates through the room following the wall in a clockwise direction, for 4 rounds, using 24 ultrasound sensors arranged circularly around its 'waist'.

The data consists of raw values of the measurements of all 24 ultrasound sensors and the corresponding class label. Sensor readings are sampled at a rate of 9 samples per second.

The class labels are:  
1. Move-Forward,  
2. Slight-Right-Turn,  
3. Sharp-Right-Turn,  
4. Slight-Left-Turn  

It ",,,,,,,,,,,,,,,,,,,,,,,,,,,,,,,,,,
openml:1501,1501,openml_cc18,openml_cc18:1501,semeion,2026-08-31T21:41:08.783928+00:00,False,False,none,prefilter_not_binary:10.0,EXCLUDE,1,Class,"**Author**: Semeion Research Center of Sciences of Communication     
**Source**: [UCI](http://archive.ics.uci.edu/ml/datasets/semeion+handwritten+digit)     
**Please cite**: Semeion Research Center of Sciences of Communication, via Sersale 117, 00128 Rome, Italy 
Tattile Via Gaetano Donizetti, 1-3-5,25030 Mairano (Brescia), Italy.    

### Dataset Description

Semeion Handwritten Digit Data Set, where 1593 handwritten digits from around 80 persons were scanned and documented. The each of the 256 variables V1 - V256 describe one of the pixels and their corresponding values. 

### Sources

The dataset was created by Tactile Srl, Brescia, Italy (http://www.tattile.it) and donated in 1994 to Semeion Research Center of Sciences of Communication, Rome, Italy (http://www.semeion.it), for machin",,,,,,,,,,,,,,,,,,,,,,,,,,,,,,,,,,
openml:1506,1506,climb,climb:1506,thoracic-surgery,2026-08-31T21:41:09.491340+00:00,False,False,none,prefilter_rows_out_of_range:470.0,EXCLUDE,1,Class,"**Author**:   
**Source**: UCI    
**Please cite**: Zikeba, M., Tomczak, J. M., Lubicz, M., & Swikatek, J. (2013). Boosted SVM for extracting rules from imbalanced data in application to prediction of the post-operative life expectancy in the lung cancer patients. Applied Soft Computing.   

  
* Title: 
Thoracic Surgery Data Data Set 

* Abstract: 
The data is dedicated to classification problem related to the post-operative life expectancy in the lung cancer patients: class 1 - death within one year after surgery, class 2 - survival.

* Source:
Creators: Marek Lubicz (1), Konrad Pawelczyk (2), Adam Rzechonek (2), Jerzy Kolodziej (2) 
-- (1) Wroclaw University of Technology, wybrzeze Wyspianskiego 27, 50-370, Wroclaw, Poland 
-- (2) Wroclaw Medical University, wybrzeze L. Pasteura 1, 50-3",,,,470.0,,,,,,,,,,,,,,,,,,,,,,,,,,,,,,
openml:1508,1508,climb,climb:1508,user-knowledge,2026-08-31T21:41:09.492329+00:00,False,False,none,prefilter_rows_out_of_range:403.0,EXCLUDE,1,Class,"**Author**:   
**Source**: UCI    
**Please cite**:  H. T. Kahraman, Sagiroglu, S., Colak, I., Developing intuitive knowledge classifier and modeling of users' domain dependent data in web, Knowledge Based Systems, vol. 37, pp. 283-295, 2013.   

* Title:  

User Knowledge Modeling Data Set 

* Abstract: 

It is the real dataset about the students' knowledge status about the subject of Electrical DC Machines. The dataset had been obtained from Ph.D. Thesis.

* Source:

-- Creators: Hamdi Tolga Kahraman (htolgakahraman '@' yahoo.com) 
-- Institution: Faculty of Technology, Department of Software Engineering, Karadeniz Technical University, Trabzon, Turkiye 
-- Creators: Ilhami Colak (icolak '@' gazi.edu.tr) 
-- Institution: Faculty of Technology, Department of Electrical and Electronics Eng",,,,403.0,,,,,,,,,,,,,,,,,,,,,,,,,,,,,,
openml:1509,1509,climb,climb:1509,walking-activity,2026-08-31T21:41:09.493152+00:00,False,False,none,prefilter_rows_out_of_range:149332.0,EXCLUDE,1,Class,"**Author**: P. Casale, O. Pujol, P. Radeva.    
**Source**: [UCI](https://archive.ics.uci.edu/ml/datasets/User+Identification+From+Walking+Activity)  
**Please cite**: Casale, P. Pujol, O. and Radeva, P. 'Personalization and user verification in wearable systems using biometric walking patterns' Personal and Ubiquitous Computing, 16(5), 563-580, 2012

**User Identification From Walking Activity Data Set**  
The dataset collects data from an Android smartphone positioned in the chest pocket. Accelerometer Data are collected from 22 participants walking in the wild over a predefined path. The dataset is intended for Activity Recognition research purposes. It provides challenges for identification and authentication of people using motion patterns. 

**Note: the original per-user datasets wer",,,,149332.0,,,,,,,,,,,,,,,,,,,,,,,,,,,,,,
openml:1510,1510,openml_cc18,openml_cc18:1510,wdbc,2026-08-31T21:41:09.493936+00:00,False,False,none,objective_fail:minority_count_ge_250,EXCLUDE,1,Class,"**Author**: William H. Wolberg, W. Nick Street, Olvi L. Mangasarian    
**Source**: [UCI](https://archive.ics.uci.edu/ml/datasets/breast+cancer+wisconsin+(original)), [University of Wisconsin](http://pages.cs.wisc.edu/~olvi/uwmp/cancer.html) - 1995  
**Please cite**: [UCI](https://archive.ics.uci.edu/ml/citation_policy.html)     

**Breast Cancer Wisconsin (Diagnostic) Data Set (WDBC).** Features are computed from a digitized image of a fine needle aspirate (FNA) of a breast mass. They describe characteristics of the cell nuclei present in the image. The target feature records the prognosis (benign (1) or malignant (2)). [Original data available here](ftp://ftp.cs.wisc.edu/math-prog/cpo-dataset/machine-learn/cancer/) 

Current dataset was adapted to ARFF format from the UCI version. Sample",1|2,2,1,569.0,30.0,30.0,0.0,30.0,30.0,0.0,212.0,357.0,0.3725834797891036,0.6839622641509435,0.0,358.0,128796c150f03a071c7a2dd506a08418482234b353e256c75c244eeaad404add,"{""binary"": true, ""rows_in_range"": true, ""has_continuous"": true, ""prevalence_ge_0_02"": true, ""prevalence_le_upper"": true, ""minority_count_ge_250"": false, ""missing_lt_10pct"": true, ""encoded_features_le_100"": true, ""tabpfn_envelope_balanced_train_le_10000"": true, ""treatment_intensity_r_ge_0_5"": true}",False,True,True,True,True,True,False,True,True,True,True,,,,,
openml:1511,1511,climb,climb:1511,wholesale-customers,2026-08-31T21:41:09.843344+00:00,False,False,none,prefilter_rows_out_of_range:440.0,EXCLUDE,1,Channel,"**Author**: Margarida G. M. S. Cardoso      
**Source**: UCI     
**Please cite**: Abreu, N. (2011). Analise do perfil do cliente Recheio e desenvolvimento de um sistema promocional. Mestrado em Marketing, ISCTE-IUL, Lisbon.  

* Title:   
Wholesale customers Data Set 

* Abstract:   
The data set refers to clients of a wholesale distributor. It includes the annual spending in monetary units (m.u.) on diverse product categories

* Source:  
Margarida G. M. S. Cardoso, margarida.cardoso '@' iscte.pt, ISCTE-IUL, Lisbon, Portugal

* Attribute Information:

1) FRESH: annual spending (m.u.) on fresh products (Continuous); 
2) MILK: annual spending (m.u.) on milk products (Continuous); 
3) GROCERY: annual spending (m.u.)on grocery products (Continuous); 
4) FROZEN: annual spending (m.u.)on froze",,,,440.0,,,,,,,,,,,,,,,,,,,,,,,,,,,,,,
openml:1524,1524,climb,climb:1524,vertebra-column,2026-08-31T21:41:09.844254+00:00,False,False,none,prefilter_rows_out_of_range:310.0,EXCLUDE,2,Class,"**Author**: Guilherme de Alencar Barreto, Ajalmar R. da Rocha Neto, Henrique Antonio Fonseca da Mota Filho       
**Source**: [original](http://www.openml.org/d/1523) - UCI   
**Please cite**:   

* Dataset Title: Vertebra Column - 2 classes

* Abstract:   
Data set containing values for six biomechanical features used to classify orthopaedic patients into 3 classes (normal, disk hernia or spondilolysthesis) or 2 classes (normal or abnormal).

* Source:

Guilherme de Alencar Barreto (guilherme '@' deti.ufc.br) & Ajalmar R. da Rocha Neto (ajalmar '@' ifce.edu.br), Department of Teleinformatics Engineering, Federal University of Ceará, Fortaleza, Ceará, Brazil. 

Henrique Antonio Fonseca da Mota Filho (hdamota '@' gmail.com), Hospital Monte Klinikum, Fortaleza, Ceará, Brazil.


* Data Set In",,,,310.0,,,,,,,,,,,,,,,,,,,,,,,,,,,,,,
openml:1558,1558,climb,climb:1558,bank-marketing,2026-08-31T21:41:09.845055+00:00,False,False,none,objective_fail:has_continuous,EXCLUDE,2,Class,"**Author**: Paulo Cortez, Sérgio Moro   
**Source**: [original] (http://www.openml.org/d/1461) - UCI    
**Please cite**: S. Moro, R. Laureano and P. Cortez. Using Data Mining for Bank Direct Marketing: An Application of the CRISP-DM Methodology. In P. Novais et al. (Eds.), Proceedings of the European Simulation and Modelling Conference - ESM'2011, pp. 117-121, Guimarães, Portugal, October, 2011. EUROSIS.       

* Dataset:   
Reduced version (10 % of the examples) of bank-marketing dataset.",1|2,2,1,4521.0,16.0,7.0,9.0,0.0,16.0,0.0,521.0,4000.0,0.1152399911523999,6.677543186180422,0.0,4000.0,a0be30a6c5735611e3051eb3827ca03da1247e881335a3b2eaa6e365148374f3,"{""binary"": true, ""rows_in_range"": true, ""has_continuous"": false, ""prevalence_ge_0_02"": true, ""prevalence_le_upper"": true, ""minority_count_ge_250"": true, ""missing_lt_10pct"": true, ""encoded_features_le_100"": true, ""tabpfn_envelope_balanced_train_le_10000"": true, ""treatment_intensity_r_ge_0_5"": true}",False,True,True,False,True,True,True,True,True,True,True,,,,,
openml:1565,1565,climb,climb:1565,heart-h,2026-08-31T21:41:09.882900+00:00,False,False,none,prefilter_rows_out_of_range:294.0,EXCLUDE,3,Class,"**Author**: Hungarian Institute of Cardiology. Budapest: Andras Janosi, M.D.     
**Source**: [original](http://www.openml.org/d/51) - UCI      
**Please cite**: Hungarian Institute of Cardiology. Budapest: Andras Janosi, M.D.       

* Dataset:
This is a reprocessed version of heart-h (hungarian), the heart disease reprocessed hungarian dataset from UCI.",,,,294.0,,,,,,,,,,,,,,,,,,,,,,,,,,,,,,
openml:1590,1590,openml_cc18,openml_cc18:1590,adult,2026-08-31T21:41:09.883815+00:00,False,False,none,prefilter_rows_out_of_range:48842.0,EXCLUDE,2,class,"**Author**: Ronny Kohavi and Barry Becker  
**Source**: [UCI](https://archive.ics.uci.edu/ml/datasets/Adult) - 1996  
**Please cite**: Ron Kohavi, ""Scaling Up the Accuracy of Naive-Bayes Classifiers: a Decision-Tree Hybrid"", Proceedings of the Second International Conference on Knowledge Discovery and Data Mining, 1996  

Prediction task is to determine whether a person makes over 50K a year. Extraction was done by Barry Becker from the 1994 Census database. A set of reasonably clean records was extracted using the following conditions: ((AAGE>16) && (AGI>100) && (AFNLWGT>1)&& (HRSWK>0))

This is the original version from the UCI repository, with training and test sets merged.

### Variable description

Variables are all self-explanatory except __fnlwgt__. This is a proxy for the demograph",,,,48842.0,,,,,,,,,,,,,,,,,,,,,,,,,,,,,,
openml:1600,1600,climb,climb:1600,SPECTF,2026-08-31T21:41:10.605154+00:00,False,False,none,prefilter_rows_out_of_range:267.0,EXCLUDE,2,OVERALL_DIAGNOSIS,"**Author**: Krzysztof J. Cios"",""Lukasz A.  
**Source**: [original](https://archive.ics.uci.edu/ml/datasets/SPECTF+Heart) - Date unknown  
**Please cite**:   

This is a corrected version of the previous data file in version 1, which contained a dataset (349 instances) incorrectly merged from the original training and test sets available on UCI (there are actually 2 test sets there, one of them is incorrect). 
This file fixes that problem by merging the training set with the correct test set, resulting 267 instances.

SPECTF heart data:

This is a merged version of the separate train and test set which are usually distributed. On OpenML this train-test split can be found as one of the possible tasks.

NOTE: See the SPECT heart data for binary data for the same classification task.

Sources:",,,,267.0,,,,,,,,,,,,,,,,,,,,,,,,,,,,,,
openml:4134,4134,openml_cc18,openml_cc18:4134,Bioresponse,2026-08-31T21:41:10.606143+00:00,False,False,none,"objective_fail:prevalence_le_upper,encoded_features_le_100,treatment_intensity_r_ge_0_5",EXCLUDE,1,target,"**Author**: Boehringer Ingelheim  
**Source**: [Kaggle](https://www.kaggle.com/c/bioresponse) - 2011  
**Please cite**: None  

Predict a biological response of molecules from their chemical properties. Each row in this data set represents a molecule. The first column contains experimental data describing an actual biological response; the molecule was seen to elicit this response (1), or not (0). The remaining columns represent molecular descriptors (d1 through d1776), these are calculated properties that can capture some of the characteristics of the molecule - for example size, shape, or elemental constitution. The descriptor matrix has been normalized.

The original training and test set were merged.",0|1,0,1,3751.0,1776.0,1776.0,0.0,941.0,1776.0,0.0,1717.0,2034.0,0.4577446014396161,0.1846243447874199,0.0,2034.0,9690e30b76f1ea594853582a09bf96c94cd9cd30750bbc9187983e970912b6d7,"{""binary"": true, ""rows_in_range"": true, ""has_continuous"": true, ""prevalence_ge_0_02"": true, ""prevalence_le_upper"": false, ""minority_count_ge_250"": true, ""missing_lt_10pct"": true, ""encoded_features_le_100"": false, ""tabpfn_envelope_balanced_train_le_10000"": true, ""treatment_intensity_r_ge_0_5"": false}",False,True,True,True,True,False,True,True,False,True,False,,,,,
openml:4534,4534,openml_cc18,openml_cc18:4534,PhishingWebsites,2026-08-31T21:41:12.584930+00:00,False,False,none,prefilter_rows_out_of_range:11055.0,EXCLUDE,1,Result,"**Author**: Rami Mustafa A Mohammad ( University of Huddersfield"",""rami.mohammad '@' hud.ac.uk"",""rami.mustafa.a '@' gmail.com) Lee McCluskey (University of Huddersfield"",""t.l.mccluskey '@' hud.ac.uk )  Fadi Thabtah (Canadian University of Dubai"",""fadi '@' cud.ac.ae)  
**Source**: [UCI](https://archive.ics.uci.edu/ml/datasets/phishing+websites)  
**Please cite**: Please refer to the [Machine Learning Repository's citation policy](https://archive.ics.uci.edu/ml/citation_policy.html)  

Source:

Rami Mustafa A Mohammad ( University of Huddersfield, rami.mohammad '@' hud.ac.uk, rami.mustafa.a '@' gmail.com)
Lee McCluskey (University of Huddersfield,t.l.mccluskey '@' hud.ac.uk )
Fadi Thabtah (Canadian University of Dubai,fadi '@' cud.ac.ae)


Data Set Information:

One of the challenges faced b",,,,11055.0,,,,,,,,,,,,,,,,,,,,,,,,,,,,,,
openml:4538,4538,openml_cc18,openml_cc18:4538,GesturePhaseSegmentationProcessed,2026-08-31T21:41:13.240849+00:00,False,False,none,prefilter_not_binary:5.0,EXCLUDE,1,Phase,"**Author**: Renata Cristina Barros Madeo (Madeo"",""R. C. B.)  Priscilla Koch Wagner (Wagner"",""P. K.)  Sarajane Marques Peres (Peres"",""S. M.)  {renata.si"",""priscilla.wagner"",""sarajane} at usp.br  http://each.uspnet.usp.br/sarajane/  
**Source**: [UCI](https://archive.ics.uci.edu/ml/datasets/gesture+phase+segmentation)  
**Please cite**: Please refer to the [Machine Learning Repository's citation policy](https://archive.ics.uci.edu/ml/citation_policy.html). Additionally, the authors require a citation to one or more publications from those cited as relevant papers.  

Creators: 
Renata Cristina Barros Madeo (Madeo, R. C. B.) 
Priscilla Koch Wagner (Wagner, P. K.) 
Sarajane Marques Peres (Peres, S. M.) 
{renata.si, priscilla.wagner, sarajane} at usp.br 
http://each.uspnet.usp.br/sarajane/ 

Do",,,,,,,,,,,,,,,,,,,,,,,,,,,,,,,,,,
openml:6332,6332,openml_cc18,openml_cc18:6332,cylinder-bands,2026-08-31T21:41:13.918762+00:00,False,False,none,"objective_fail:prevalence_le_upper,minority_count_ge_250,treatment_intensity_r_ge_0_5",EXCLUDE,2,band_type,"**Author**: Bob Evans, RR Donnelley & Sons Co.  
**Source**: [UCI](https://archive.ics.uci.edu/ml/datasets/Cylinder+Bands) - August, 1995  
**Please cite**:  [UCI citation policy](https://archive.ics.uci.edu/ml/citation_policy.html)

### Description

Cylinder bands UCI dataset - Process delays known as cylinder banding in rotogravure printing were substantially mitigated using control rules discovered by decision tree induction.
 
### Attribute Information

There are 40 attributes for 540 observations, including the class: 20 are numeric and 20 are nominal.  
There are missing values in 302 of the instances.

```
   1. timestamp: numeric;19500101 - 21001231  
   2. cylinder number: nominal  
   3. customer: nominal;  
   4. job number: nominal;   
   5. grain screened: nominal; yes, no  
 ",band|noband,band,noband,540.0,37.0,18.0,19.0,12.0,65.0,28.0,228.0,312.0,0.4222222222222222,0.3684210526315789,0.05,312.0,e6c8a1780a950c0eba9aaad1da84ccda7257901fa269ded68f1adc4e1ba25877,"{""binary"": true, ""rows_in_range"": true, ""has_continuous"": true, ""prevalence_ge_0_02"": true, ""prevalence_le_upper"": false, ""minority_count_ge_250"": false, ""missing_lt_10pct"": true, ""encoded_features_le_100"": true, ""tabpfn_envelope_balanced_train_le_10000"": true, ""treatment_intensity_r_ge_0_5"": false}",False,True,True,True,True,False,False,True,True,True,False,,,,,
openml:23381,23381,openml_cc18,openml_cc18:23381,dresses-sales,2026-08-31T21:41:15.217387+00:00,False,False,none,"objective_fail:prevalence_le_upper,minority_count_ge_250,missing_lt_10pct,treatment_intensity_r_ge_0_5",EXCLUDE,2,Class,"**Author**: Muhammad Usman & Adeel Ahmed   
**Source**: origin source at [UCI](https://archive.ics.uci.edu/ml/datasets/Dresses_Attribute_Sales)  
**Please cite**: [Paper that claims to first have used the data](https://www.researchgate.net/profile/Dalia_Jasim/publication/293464737_main_steps_for_doing_data_mining_project_using_weka/links/56b8782008ae44bb330d2583/main-steps-for-doing-data-mining-project-using-weka.pdf)

####1. Summary

This dataset contain attributes of dresses and their recommendations according to their sales. Sales are monitor on the basis of alternate days. 

The attributes present analyzed are: Recommendation, Style, Price, Rating, Size, Season, NeckLine, SleeveLength, waiseline, Material, FabricType, Decoration, Pattern, Type. In this dataset they are named Class(targ",1|2,2,1,500.0,12.0,1.0,11.0,1.0,21.0,9.0,210.0,290.0,0.42,0.380952380952381,0.1391666666666666,290.0,c92034031594005583099151b401bc6aa22df93631e4d25d18cf82acf714b506,"{""binary"": true, ""rows_in_range"": true, ""has_continuous"": true, ""prevalence_ge_0_02"": true, ""prevalence_le_upper"": false, ""minority_count_ge_250"": false, ""missing_lt_10pct"": false, ""encoded_features_le_100"": true, ""tabpfn_envelope_balanced_train_le_10000"": true, ""treatment_intensity_r_ge_0_5"": false}",False,True,True,True,True,False,False,False,True,True,False,,,,,
openml:23517,23517,openml_cc18,openml_cc18:23517,numerai28.6,2026-08-31T21:41:16.497996+00:00,False,False,none,prefilter_rows_out_of_range:96320.0,EXCLUDE,2,attribute_21,"**Author**: Numer.ai  
**Source**: [Kaggle](https://www.kaggle.com/numerai/encrypted-stock-market-data-from-numerai)  
**Please cite**:   

**Encrypted Stock Market Training Data from Numer.ai**  
The data is cleaned, regularized and encrypted global equity data. The first 21 columns (feature1 - feature21) are features, and target is the binary class you’re trying to predict.",,,,96320.0,,,,,,,,,,,,,,,,,,,,,,,,,,,,,,
openml:40499,40499,openml_cc18,openml_cc18:40499,texture,2026-08-31T21:41:17.209152+00:00,False,False,none,prefilter_not_binary:11.0,EXCLUDE,1,Class,"**Author**: Laboratory of Image Processing and Pattern Recognition (INPG-LTIRF), Grenoble - France.  
**Source**: [ELENA project](https://www.elen.ucl.ac.be/neural-nets/Research/Projects/ELENA/databases/REAL/texture/)   
**Please cite**: None

####1. Summary

This database was generated by the Laboratory of Image Processing and Pattern Recognition (INPG-LTIRF) in the development of the Esprit project ELENA No. 6891 and the Esprit working group ATHOS No. 6620.
```
 (a) Original source:

   P. Brodatz ""Textures: A Photographic Album for Artists and Designers"",
   Dover Publications,Inc.,New York, 1966.

 (b) Creation: Laboratory of Image Processing and Pattern Recognition

   Institut National Polytechnique de Grenoble INPG
   Laboratoire de Traitement d'Image et de Reconnaissance de Formes ",,,,,,,,,,,,,,,,,,,,,,,,,,,,,,,,,,
openml:40668,40668,openml_cc18,openml_cc18:40668,connect-4,2026-08-31T21:41:17.920180+00:00,False,False,none,prefilter_rows_out_of_range:67557.0,EXCLUDE,2,class,"**Author**: John Tromp  
**Source**: [UCI](https://archive.ics.uci.edu/ml/datasets/Connect-4) - 1995  
**Please cite**: [UCI](https://archive.ics.uci.edu/ml/citation_policy.html)  

**Connect-4**  
This database contains all legal 8-ply positions in the game of connect-4 in which neither player has won yet, and in which the next move is not forced. Attributes represent board positions on a 6x6 board. The outcome class is the game-theoretical value for the first player (2: win, 1: loss, 0: draw).

### Attribute Information  

The board is numbered like:  
6 . . . . . . .  
5 . . . . . . .  
4 . . . . . . .  
3 . . . . . . .  
2 . . . . . . .  
1 . . . . . . .  
a b c d e f g  

The values represent:  
0: Blank  
1: Taken by Player 1  
2: Taken by Player 2",,,,67557.0,,,,,,,,,,,,,,,,,,,,,,,,,,,,,,
openml:40670,40670,openml_cc18,openml_cc18:40670,dna,2026-08-31T21:41:18.563886+00:00,False,False,none,prefilter_not_binary:3.0,EXCLUDE,1,class,"**Author**: Ross King, based on data from Genbank 64.1  
**Source**: [MLbench](https://www.rdocumentation.org/packages/mlbench/versions/2.1-1/topics/DNA). Originally from the StatLog project.  
**Please Cite**:   

**Primate Splice-Junction Gene Sequences (DNA)**  
Originally from the StatLog project. The raw data is still available on [UCI](https://archive.ics.uci.edu/ml/datasets/Molecular+Biology+(Splice-junction+Gene+Sequences)).

The data consists of 3,186 data points (splice junctions). The data points are described by 180 indicator binary variables and the problem is to recognize the 3 classes (ei, ie, neither), i.e., the boundaries between exons (the parts of the DNA sequence retained after splicing) and introns (the parts of the DNA sequence that are spliced out). The StatLog DNA d",,,,,,,,,,,,,,,,,,,,,,,,,,,,,,,,,,
openml:40671,40671,climb,climb:40671,ecoli,2026-08-31T21:41:19.433582+00:00,False,False,none,prefilter_rows_out_of_range:327.0,EXCLUDE,3,class,ecoli-pmlb,,,,327.0,,,,,,,,,,,,,,,,,,,,,,,,,,,,,,
openml:40701,40701,openml_cc18,openml_cc18:40701,churn,2026-08-31T21:41:19.435402+00:00,True,False,removed_duplicate_variant_tabarena_precedence,duplicate_of:46915|tabarena_precedence,EXCLUDE,1,class,"**Author**: Unknown  
**Source**: [PMLB](https://github.com/EpistasisLab/penn-ml-benchmarks/tree/master/datasets/classification), [BigML](https://bigml.com/user/francisco/gallery/dataset/5163ad540c0b5e5b22000383), Supposedly from UCI but I can't find it there.  
**Please cite**:   

A dataset relating characteristics of telephony account features and usage and whether or not the customer churned. Originally used in [Discovering Knowledge in Data: An Introduction to Data Mining](http://secs.ac.in/wp-content/CSE_PORTAL/DataMining_Daniel.pdf).",0|1,1,0,5000.0,20.0,16.0,4.0,8.0,20.0,0.0,707.0,4293.0,0.1414,5.072135785007073,0.0,4294.0,98e4501ae1fdf5178e1cf42eacaace047e78a2f658dfff5b2067344539342b64,"{""binary"": true, ""rows_in_range"": true, ""has_continuous"": true, ""prevalence_ge_0_02"": true, ""prevalence_le_upper"": true, ""minority_count_ge_250"": true, ""missing_lt_10pct"": true, ""encoded_features_le_100"": true, ""tabpfn_envelope_balanced_train_le_10000"": true, ""treatment_intensity_r_ge_0_5"": true}",False,True,True,True,True,True,True,True,True,True,True,PROPOSED_KEEP_METADATA_CLEAR,KEEP,openml_cc18_curated_benchmark_no_semantic_keyword_hits,,
openml:40707,40707,climb,climb:40707,allbp,2026-08-31T21:41:20.880726+00:00,False,False,none,prefilter_not_binary:3.0,EXCLUDE,1,class,allbp-pmlb,,,,,,,,,,,,,,,,,,,,,,,,,,,,,,,,,,
openml:40713,40713,climb,climb:40713,dis,2026-08-31T21:41:20.882424+00:00,False,False,none,"objective_fail:has_continuous,prevalence_ge_0_02,minority_count_ge_250",EXCLUDE,1,class,dis-pmlb,0|1,0,1,3772.0,29.0,6.0,23.0,0.0,29.0,0.0,58.0,3714.0,0.0153764581124072,63.03448275862068,0.0,3714.0,905f167c76af0253806fece281acd911e90415a70cfedc5f136223d398273751,"{""binary"": true, ""rows_in_range"": true, ""has_continuous"": false, ""prevalence_ge_0_02"": false, ""prevalence_le_upper"": true, ""minority_count_ge_250"": false, ""missing_lt_10pct"": true, ""encoded_features_le_100"": true, ""tabpfn_envelope_balanced_train_le_10000"": true, ""treatment_intensity_r_ge_0_5"": true}",False,True,True,False,False,True,False,True,True,True,True,,,,,
openml:40900,40900,climb,climb:40900,Satellite,2026-08-31T21:41:20.959160+00:00,False,False,none,"objective_fail:has_continuous,prevalence_ge_0_02,minority_count_ge_250",EXCLUDE,1,Target,"**Author**: Markus Goldstein  
**Source**: [Dataverse](http://www.madm.eu/downloads https://dataverse.harvard.edu/dataset.xhtml?persistentId=doi:10.7910/DVN/OPQMVF)  
**Please cite**:   

The satellite dataset comprises of features extracted from satellite observations. In particular, each image was taken under four different light wavelength, two in visible light (green and red) and two infrared images. The task of the original dataset is to classify the image into the soil category of the observed region. 

### Classes
We defined the soil classes &ldquo;red soil&rdquo;, &ldquo;gray soil&rdquo;, &ldquo;damp gray soil&rdquo; and &ldquo;very damp gray soil&rdquo; as the normal class. From the semantically different classes &ldquo;cotton crop&rdquo; and &ldquo;soil with vegetation stubble&rd",Normal|Anomaly,Anomaly,Normal,5100.0,36.0,36.0,0.0,0.0,36.0,0.0,75.0,5025.0,0.0147058823529411,66.0,0.0,5026.0,8bca4c37735474fceb7e45941540e630b2e3271948dea27986442308d3eecbf8,"{""binary"": true, ""rows_in_range"": true, ""has_continuous"": false, ""prevalence_ge_0_02"": false, ""prevalence_le_upper"": true, ""minority_count_ge_250"": false, ""missing_lt_10pct"": true, ""encoded_features_le_100"": true, ""tabpfn_envelope_balanced_train_le_10000"": true, ""treatment_intensity_r_ge_0_5"": true}",False,True,True,False,False,True,False,True,True,True,True,,,,,
openml:40923,40923,openml_cc18,openml_cc18:40923,Devnagari-Script,2026-08-31T21:41:21.011595+00:00,False,False,none,prefilter_rows_out_of_range:92000.0,EXCLUDE,1,character,"**Author**: Prashnna K Gyawali, Shailesh Acharya, Ashok Pant  
**Source**: [Computer Vision Research Group, Nepal](https://web.archive.org/web/20160105230017/http://cvresearchnepal.com/wordpress/dhcd/), [Kaggle](https://www.kaggle.com/rishianand/devanagari-character-set)   
**Please cite**: Acharya S., Pant A.K., Gyawali P.K.,”Deep Learning based large scale handwritten Devanagari Character Recognition” Proceeding of 9th International Conference on Software, Knowledge, Information Management & Applications  

**Character Recognition for Devanagari Script**  

In human civilisation, languages evolved first, and then came scripts. The Devanagari script is one of the oldest scripts of India, having evolved from the ancient Brahmi script. It came to be adopted widely from around the 7th centur",,,,92000.0,,,,,,,,,,,,,,,,,,,,,,,,,,,,,,
openml:40927,40927,openml_cc18,openml_cc18:40927,CIFAR_10,2026-08-31T21:41:21.727462+00:00,False,False,none,prefilter_rows_out_of_range:60000.0,EXCLUDE,1,class,"**Author**: Alex Krizhevsky, Vinod Nair, and Geoffrey Hinton    
**Source**: [University of Toronto](https://www.cs.toronto.edu/~kriz/cifar.html) - 2009  
**Please cite**: Alex Krizhevsky (2009) Learning Multiple Layers of Features from Tiny Images, Tech Report.

**CIFAR-10** is a labeled subset of the [80 million tiny images dataset](http://groups.csail.mit.edu/vision/TinyImages/). It (originally) consists 32x32 color images representing 10 classes of objects:  
0. airplane  
1. automobile          
2. bird          
3. cat          
4. deer          
5. dog          
6. frog          
7. horse          
8. ship          
9. truck          

CIFAR-10 contains 6000 images per class. The original train-test split randomly divided these into 5000 train and 1000 test images per class.

The cl",,,,60000.0,,,,,,,,,,,,,,,,,,,,,,,,,,,,,,
openml:40966,40966,openml_cc18,openml_cc18:40966,MiceProtein,2026-08-31T21:41:22.420644+00:00,False,False,none,prefilter_not_binary:8.0,EXCLUDE,4,class,"**Author**: Clara Higuera, Katheleen J. Gardiner, Krzysztof J. Cios  
**Source**: [UCI](https://archive.ics.uci.edu/ml/datasets/Mice+Protein+Expression) - 2015   
**Please cite**: Higuera C, Gardiner KJ, Cios KJ (2015) Self-Organizing Feature Maps Identify Proteins Critical to Learning in a Mouse Model of Down Syndrome. PLoS ONE 10(6): e0129126.

Expression levels of 77 proteins measured in the cerebral cortex of 8 classes of control and Down syndrome mice exposed to context fear conditioning, a task used to assess associative learning.

The data set consists of the expression levels of 77 proteins/protein modifications that produced detectable signals in the nuclear fraction of cortex. There are 38 control mice and 34 trisomic mice (Down syndrome), for a total of 72 mice. In the experimen",,,,,,,,,,,,,,,,,,,,,,,,,,,,,,,,,,
openml:40975,40975,openml_cc18,openml_cc18:40975,car,2026-08-31T21:41:23.085642+00:00,False,False,none,prefilter_not_binary:4.0,EXCLUDE,3,class,"**Author**: Marko Bohanec, Blaz Zupan  
**Source**: [UCI](https://archive.ics.uci.edu/ml/datasets/car+evaluation) - 1997   
**Please cite**: [UCI](http://archive.ics.uci.edu/ml/citation_policy.html)  

**Car Evaluation Database**  
This database was derived from a simple hierarchical decision model originally developed for the demonstration of DEX (M. Bohanec, V. Rajkovic: Expert system for decision making. Sistemica 1(1), pp. 145-157, 1990.).

The model evaluates cars according to the following concept structure:
 
    CAR                      car acceptability
    . PRICE                  overall price
    . . buying               buying price
    . . maint                price of the maintenance
    . TECH                   technical characteristics
    . . COMFORT              comfort
",,,,,,,,,,,,,,,,,,,,,,,,,,,,,,,,,,
openml:40978,40978,openml_cc18,openml_cc18:40978,Internet-Advertisements,2026-08-31T21:41:23.795616+00:00,False,False,none,objective_fail:encoded_features_le_100,EXCLUDE,2,class,"**Author**: Nicholas Kushmerick  
**Source**: [UCI](http://archive.ics.uci.edu/ml/datasets/Internet+Advertisements) - 1998  
**Please cite**:   

### Description

__Changes to version 1:__ all categorical features transformed as such. 

This dataset represents a set of possible advertisements on Internet pages. 

### Sources

(a) Creator and donor:

Nicholas Kushmerick - nick@ucd.ie

### Dataset Information

The features encode the geometry of the image (if available) as well as phrases occurring in the URL, the image's URL and alt text, the anchor text, and words occurring near the anchor text. The task is to predict whether an image is an advertisement (""ad"") or not (""nonad"").

### Atributtes Information

There are : 3 continuous attributes. The others are binary.
This is the ""STANDARD e",ad|noad,ad,noad,3279.0,1558.0,3.0,1555.0,1.0,1558.0,0.0,459.0,2820.0,0.1399817017383348,5.143790849673203,0.0,2820.0,b8560785aa1399c115b068a5abf5e02d8d816c168e7e3a15612f5f1bb196addc,"{""binary"": true, ""rows_in_range"": true, ""has_continuous"": true, ""prevalence_ge_0_02"": true, ""prevalence_le_upper"": true, ""minority_count_ge_250"": true, ""missing_lt_10pct"": true, ""encoded_features_le_100"": false, ""tabpfn_envelope_balanced_train_le_10000"": true, ""treatment_intensity_r_ge_0_5"": true}",False,True,True,True,True,True,True,True,False,True,True,,,,,
openml:40979,40979,openml_cc18,openml_cc18:40979,mfeat-pixel,2026-08-31T21:41:25.820742+00:00,False,False,none,prefilter_not_binary:10.0,EXCLUDE,3,class,"**Author**: Robert P.W. Duin, Department of Applied Physics, Delft University of Technology  
**Source**: [UCI](https://archive.ics.uci.edu/ml/datasets/Multiple+Features) - 1998  
**Please cite**: [UCI](https://archive.ics.uci.edu/ml/citation_policy.html)   

**Multiple Features Dataset: Pixel**  
One of a set of 6 datasets describing features of handwritten numerals (0 - 9) extracted from a collection of Dutch utility maps. The maps were scanned in 8 bit grey value at density of 400dpi, scanned, sharpened, and thresholded. Corresponding patterns in different datasets correspond to the same original character. 200 instances per class (for a total of 2,000 instances) have been digitized in binary images.  

Using this dataset, sampled versions of the original images may be obtained (15 x 16",,,,,,,,,,,,,,,,,,,,,,,,,,,,,,,,,,
openml:40982,40982,openml_cc18,openml_cc18:40982,steel-plates-fault,2026-08-31T21:41:26.473460+00:00,False,False,none,prefilter_not_binary:7.0,EXCLUDE,3,target,"**Author**: Semeion, Research Center of Sciences of Communication, Rome, Italy.     
**Source**: [UCI](http://archive.ics.uci.edu/ml/datasets/steel+plates+faults)     
**Please cite**: Dataset provided by Semeion, Research Center of Sciences of Communication, Via Sersale 117, 00128, Rome, Italy.  

__Changes w.r.t. version 1: included one target factor with 7 levels as target variable for the classification. Also deleted the previous 7 binary target variables.__

**Steel Plates Faults Data Set**  
A dataset of steel plates' faults, classified into 7 different types. The goal was to train machine learning for automatic pattern recognition.

The dataset consists of 27 features describing each fault (location, size, ...) and 1 feature indicating the type of fault (on of 7: Pastry, Z_Scratch, ",,,,,,,,,,,,,,,,,,,,,,,,,,,,,,,,,,
openml:40983,40983,climb;openml_cc18,climb:40983;openml_cc18:40983,wilt,2026-08-31T21:41:27.147651+00:00,True,True,none,,KEEP,2,class,"**Author**: Brian Johnson     
**Source**: [UCI] (https://archive.ics.uci.edu/ml/datasets/Wilt)  
**Please cite**: Johnson, B., Tateishi, R., Hoan, N., 2013. A hybrid pansharpening approach and multiscale object-based image analysis for mapping diseased pine and oak trees. International Journal of Remote Sensing, 34 (20), 6969-6982.   

__Changes w.r.t. version 1: renamed variables such that they match description.__


### Dataset:  
Wilt Data Set 

### Abstract:    
High-resolution Remote Sensing data set (Quickbird). Small number of training samples of diseased trees, large number for other land cover. Testing data set from stratified random sample of image.

### Source:
  
Brian Johnson; 
Institute for Global Environmental Strategies; 
2108-11 Kamiyamaguchi, Hayama, Kanagawa,240-0115 Ja",1|2,2,1,4839.0,5.0,5.0,0.0,5.0,5.0,0.0,261.0,4578.0,0.0539367637941723,16.54022988505747,0.0,4578.0,caba7c5bbe82e1f0798798eed469aa5ad2721d036d3b86fd0ed0dda0cdfb960e,"{""binary"": true, ""rows_in_range"": true, ""has_continuous"": true, ""prevalence_ge_0_02"": true, ""prevalence_le_upper"": true, ""minority_count_ge_250"": true, ""missing_lt_10pct"": true, ""encoded_features_le_100"": true, ""tabpfn_envelope_balanced_train_le_10000"": true, ""treatment_intensity_r_ge_0_5"": true}",False,True,True,True,True,True,True,True,True,True,True,PROPOSED_KEEP_METADATA_CLEAR,KEEP,openml_cc18_curated_benchmark_no_semantic_keyword_hits,,
openml:40984,40984,openml_cc18,openml_cc18:40984,segment,2026-08-31T21:41:27.184268+00:00,False,False,none,prefilter_not_binary:7.0,EXCLUDE,3,class,"**Author**: University of Massachusetts Vision Group, Carla Brodley  
**Source**: [UCI](http://archive.ics.uci.edu/ml/datasets/image+segmentation) - 1990  
**Please cite**: [UCI](http://archive.ics.uci.edu/ml/citation_policy.html)  

**Image Segmentation Data Set**
The instances were drawn randomly from a database of 7 outdoor images. The images were hand-segmented to create a classification for every pixel. Each instance is a 3x3 region.
 
__Major changes w.r.t. version 2: ignored first two variables as they do not fit the classification task (they reflect the location of the sample in the original image). The 3rd is constant, so should also be ignored.__


### Attribute Information  

4.  short-line-density-5:  the results of a line extractoin algorithm that 
          counts how many li",,,,,,,,,,,,,,,,,,,,,,,,,,,,,,,,,,
openml:40994,40994,openml_cc18,openml_cc18:40994,climate-model-simulation-crashes,2026-08-31T21:41:27.865366+00:00,False,False,none,objective_fail:minority_count_ge_250,EXCLUDE,4,outcome,"**Author**: D. Lucas, R. Klein, J. Tannahill, D. Ivanova, S. Brandon, D. Domyancic, Y. Zhang.  
**Source**: [UCI](https://archive.ics.uci.edu/ml/datasets/climate+model+simulation+crashes)  
**Please Cite**: Lucas, D. D., Klein, R., Tannahill, J., Ivanova, D., Brandon, S., Domyancic, D., and Zhang, Y.: Failure analysis of parameter-induced simulation crashes in climate models, Geosci. Model Dev. Discuss., 6, 585-623, [Web Link](http://www.geosci-model-dev-discuss.net/6/585/2013/gmdd-6-585-2013.html), 2013.  

__Major changes w.r.t. version 1: deactivated first two variables as they describe the batch of the experiments and should not be used for prediction. Also transformed the target from numeric to factor type.__


### Source

D. Lucas (ddlucas .at. alum.mit.edu), Lawrence Livermore Natio",0|1,0,1,540.0,18.0,18.0,0.0,18.0,18.0,0.0,46.0,494.0,0.0851851851851851,9.73913043478261,0.0,494.0,1f9dc24c8d18a2345f7f2d75875f6e11fedd6c0af90ae15c487b2f5c6637f08f,"{""binary"": true, ""rows_in_range"": true, ""has_continuous"": true, ""prevalence_ge_0_02"": true, ""prevalence_le_upper"": true, ""minority_count_ge_250"": false, ""missing_lt_10pct"": true, ""encoded_features_le_100"": true, ""tabpfn_envelope_balanced_train_le_10000"": true, ""treatment_intensity_r_ge_0_5"": true}",False,True,True,True,True,True,False,True,True,True,True,,,,,
openml:40996,40996,openml_cc18,openml_cc18:40996,Fashion-MNIST,2026-08-31T21:41:29.145639+00:00,False,False,none,prefilter_rows_out_of_range:70000.0,EXCLUDE,1,class,"**Author**: Han Xiao, Kashif Rasul, Roland Vollgraf  
**Source**: [Zalando Research](https://github.com/zalandoresearch/fashion-mnist)  
**Please cite**: Han Xiao and Kashif Rasul and Roland Vollgraf, Fashion-MNIST: a Novel Image Dataset for Benchmarking Machine Learning Algorithms, arXiv, cs.LG/1708.07747  

Fashion-MNIST is a dataset of Zalando's article images, consisting of a training set of 60,000 examples and a test set of 10,000 examples. Each example is a 28x28 grayscale image, associated with a label from 10 classes. Fashion-MNIST is intended to serve as a direct drop-in replacement for the original MNIST dataset for benchmarking machine learning algorithms. It shares the same image size and structure of training and testing splits. 

Raw data available at: https://github.com/zala",,,,70000.0,,,,,,,,,,,,,,,,,,,,,,,,,,,,,,
openml:41027,41027,openml_cc18,openml_cc18:41027,jungle_chess_2pcs_raw_endgame_complete,2026-08-31T21:41:29.810368+00:00,False,False,none,prefilter_rows_out_of_range:44819.0,EXCLUDE,1,class,"### Description ###

This dataset is part of a collection datasets based on the game ""Jungle Chess"" (a.k.a. Dou Shou Qi). For a description of the rules, please refer to the paper (link attached). The paper also contains a description of various constructed features. As the tablebases are a disjoint set of several tablebases based on which (two) pieces are on the board, we have uploaded all tablebases that have explicit different content:

* Rat vs Rat
* Rat vs Panther
* Rat vs. Lion
* Rat vs. Elephant
* Panther vs. Lion
* Panther vs. Elephant
* Tiger vs. Lion
* Lion vs. Lion
* Lion vs. Elephant
* Elephant vs. Elephant
* Complete (Combination of the above)
* RAW Complete (Combination of the above, containing for both pieces just the rank, file and strength information). This dataset contai",,,,44819.0,,,,,,,,,,,,,,,,,,,,,,,,,,,,,,
openml:41150,41150,climb,climb:41150,MiniBooNE,2026-08-31T21:41:30.527462+00:00,False,False,none,prefilter_rows_out_of_range:130064.0,EXCLUDE,1,signal,"**Source:** [UCI](https://archive.ics.uci.edu/ml/datasets/MiniBooNE+particle+identification#)

Byron Roe (byronroe '@' umich.edu)
Department of Physics University of Michigan
Ann Arbor, MI 48109


**Data Set Information:**

This dataset is taken from the MiniBooNE experiment and is used to distinguish electron neutrinos (signal) from muon neutrinos (background).

This dataset is ordered. It first contains all signal observations, and then background observations.


**Attribute Information:**

50 particle ID variables (real) for each event.


**Relevant Papers:**

B. Roe et al., 'Boosted Decision Trees, an Alternative to Artificial Neural Networks' <[Web Link](https://arxiv.org/abs/physics/0408124)>,
arXiv:physics/0408124, Nucl. Instrum. Meth. A543, 577 (2005).",,,,130064.0,,,,,,,,,,,,,,,,,,,,,,,,,,,,,,
openml:41156,41156,climb,climb:41156,ada,2026-08-31T21:41:30.528396+00:00,False,False,none,objective_fail:has_continuous,EXCLUDE,1,class,"The goal of this challenge is to expose the research community to real world datasets of interest to 4Paradigm. All datasets are formatted in a uniform way, though the type of data might differ. The data are provided as preprocessed matrices, so that participants can focus on classification, although participants are welcome to use additional feature extraction procedures (as long as they do not violate any rule of the challenge). All problems are binary classification problems and are assessed with the normalized Area Under the ROC Curve (AUC) metric (i.e. 2*AUC-1).
                   The identity of the datasets and the type of data is concealed, though its structure is revealed. The final score in  phase 2 will be the average of rankings  on all testing datasets, a ranking will be gener",0|1,1,0,4147.0,48.0,48.0,0.0,0.0,48.0,0.0,1029.0,3118.0,0.2481311791656619,2.030126336248785,0.0,3118.0,08e39f6291c0b40ae4e8ff89c062349905bbb544454735eaa45e54e86374a682,"{""binary"": true, ""rows_in_range"": true, ""has_continuous"": false, ""prevalence_ge_0_02"": true, ""prevalence_le_upper"": true, ""minority_count_ge_250"": true, ""missing_lt_10pct"": true, ""encoded_features_le_100"": true, ""tabpfn_envelope_balanced_train_le_10000"": true, ""treatment_intensity_r_ge_0_5"": true}",False,True,True,False,True,True,True,True,True,True,True,,,,,
openml:41168,41168,climb,climb:41168,jannis,2026-08-31T21:41:30.567366+00:00,False,False,none,prefilter_rows_out_of_range:83733.0,EXCLUDE,1,class,"SOURCE: [ChaLearn Automatic Machine Learning Challenge (AutoML)](https://competitions.codalab.org/competitions/2321), [ChaLearn](https://automl.chalearn.org/data) 

This is a ""supervised learning"" challenge in machine learning. We are making available 30 datasets, all pre-formatted in given feature representations (this means that each example consists of a fixed number of numerical coefficients). The challenge is to solve classification and regression problems, without any further human intervention.

The difficulty is that there is a broad diversity of data types and distributions (including balanced or unbalanced classes, sparse or dense feature representations, with or without missing values or categorical variables, various metrics of evaluation, various proportions of number of featu",,,,83733.0,,,,,,,,,,,,,,,,,,,,,,,,,,,,,,
openml:41169,41169,climb,climb:41169,helena,2026-08-31T21:41:30.568283+00:00,False,False,none,prefilter_rows_out_of_range:65196.0,EXCLUDE,1,class,"**SOURCE:** [ChaLearn Automatic Machine Learning Challenge (AutoML)](https://competitions.codalab.org/competitions/2321), [ChaLearn](https://automl.chalearn.org/data)
This is a ""supervised learning"" challenge in machine learning. We are making available 30 datasets, all pre-formatted in given feature representations (this means that each example consists of a fixed number of numerical coefficients). The challenge is to solve classification and regression problems, without any further human intervention.

The difficulty is that there is a broad diversity of data types and distributions (including balanced or unbalanced classes, sparse or dense feature representations, with or without missing values or categorical variables, various metrics of evaluation, various proportions of number of fea",,,,65196.0,,,,,,,,,,,,,,,,,,,,,,,,,,,,,,
openml:41671,41671,climb,climb:41671,microaggregation2,2026-08-31T21:41:30.569084+00:00,False,False,none,prefilter_rows_out_of_range:20000.0,EXCLUDE,1,class,microaggregation2_nominal,,,,20000.0,,,,,,,,,,,,,,,,,,,,,,,,,,,,,,
openml:41945,41945,climb,climb:41945,ilpd-numeric,2026-08-31T21:41:30.569817+00:00,False,False,none,objective_fail:minority_count_ge_250,EXCLUDE,2,Class,The ILPD liver dataset from the OpenCC18 with the gender binary encoded so all features are numeric,1|2,2,1,583.0,10.0,10.0,0.0,5.0,10.0,0.0,167.0,416.0,0.2864493996569468,1.4910179640718564,0.0,416.0,77ba1f7e68ea3faf98c797e7100f6aa643b79f17e9a4d8d96f95a8ff6986cf29,"{""binary"": true, ""rows_in_range"": true, ""has_continuous"": true, ""prevalence_ge_0_02"": true, ""prevalence_le_upper"": true, ""minority_count_ge_250"": false, ""missing_lt_10pct"": true, ""encoded_features_le_100"": true, ""tabpfn_envelope_balanced_train_le_10000"": true, ""treatment_intensity_r_ge_0_5"": true}",False,True,True,True,True,True,False,True,True,True,True,,,,,
openml:41946,41946,climb,climb:41946,Sick_numeric,2026-08-31T21:41:30.587232+00:00,False,False,none,"objective_fail:has_continuous,minority_count_ge_250",EXCLUDE,2,Class,Sick dataset from the opencc18 with all textual binary variables label encoded.,negative|sick,sick,negative,3772.0,29.0,29.0,0.0,0.0,29.0,0.0,231.0,3541.0,0.0612407211028632,14.329004329004327,0.0,3540.0,71426f3ae9630c8b20f144778cbb0d00c45aedee6c4bd86360a4cc5ff8c487da,"{""binary"": true, ""rows_in_range"": true, ""has_continuous"": false, ""prevalence_ge_0_02"": true, ""prevalence_le_upper"": true, ""minority_count_ge_250"": false, ""missing_lt_10pct"": true, ""encoded_features_le_100"": true, ""tabpfn_envelope_balanced_train_le_10000"": true, ""treatment_intensity_r_ge_0_5"": true}",False,True,True,False,True,True,False,True,True,True,True,,,,,
openml:42178,42178,climb,climb:42178,telco-customer-churn,2026-08-31T21:41:30.621127+00:00,True,True,none,,KEEP,1,Churn,"Context
""Predict behavior to retain customers. You can analyze all relevant customer data and develop focused customer retention programs."" [IBM Sample Data Sets]

Content
Each row represents a customer, each column contains customer's attributes described on the column Metadata.

The data set includes information about:

Customers who left within the last month - the column is called Churn
Services that each customer has signed up for - phone, multiple lines, internet, online security, online backup, device protection, tech support, and streaming TV and movies
Customer account information - how long they've been a customer, contract, payment method, paperless billing, monthly charges, and total charges
Demographic info about customers - gender, age range, and if they have partners and dep",No|Yes,Yes,No,7043.0,19.0,3.0,16.0,1.0,19.0,0.0,1869.0,5174.0,0.2653698707936959,1.76832530765115,0.0,5174.0,86fb1c0919c05313b3d5ebbd0b1e3e84aab599a93f02afe2db07bf670a559b81,"{""binary"": true, ""rows_in_range"": true, ""has_continuous"": true, ""prevalence_ge_0_02"": true, ""prevalence_le_upper"": true, ""minority_count_ge_250"": true, ""missing_lt_10pct"": true, ""encoded_features_le_100"": true, ""tabpfn_envelope_balanced_train_le_10000"": true, ""treatment_intensity_r_ge_0_5"": true}",False,True,True,True,True,True,True,True,True,True,True,PROPOSED_KEEP_METADATA_CLEAR,KEEP,climb_official_list_no_semantic_keyword_hits,,
openml:42397,42397,climb,climb:42397,CreditCardFraudDetection,2026-08-31T21:41:30.674312+00:00,False,False,none,prefilter_rows_out_of_range:284807.0,EXCLUDE,2,Class,"**Source**: Unknown - Date unknown  
**Please cite**: Andrea Dal Pozzolo, Olivier Caelen, Reid A. Johnson and Gianluca Bontempi. Calibrating Probability with Undersampling for Unbalanced Classification. In Symposium on Computational Intelligence and Data Mining (CIDM), IEEE, 2015  

Context
It is important that credit card companies are able to recognize fraudulent credit card transactions so that customers are not charged for items that they did not purchase.

Content
The datasets contains transactions made by credit cards in September 2013 by european cardholders. This dataset presents transactions that occurred in two days, where we have 492 frauds out of 284,807 transactions. The dataset is highly unbalanced, the positive class (frauds) account for 0.172% of all transactions.

It conta",,,,284807.0,,,,,,,,,,,,,,,,,,,,,,,,,,,,,,
openml:42477,42477,climb,climb:42477,default-of-credit-card-clients,2026-08-31T21:41:30.675227+00:00,False,False,none,prefilter_rows_out_of_range:30000.0,EXCLUDE,1,y,"**Author**: Yeh, I. C., & Lien, C. H
**Source**: [original](https://archive.ics.uci.edu/ml/datasets/default+of+credit+card+clients#) - 2016-01-26  
**Please cite**: Yeh, I. C., & Lien, C. H. (2009). The comparisons of data mining techniques for the predictive accuracy of probability of default of credit card clients. Expert Systems with Applications, 36(2), 2473-2480.

   

Data Set Information:

This research aimed at the case of customersâ€™ default payments in Taiwan and compares the predictive accuracy of probability of default among six data mining methods. From the perspective of risk management, the result of predictive accuracy of the estimated probability of default will be more valuable than the binary result of classification - credible or not credible clients. Because the real ",,,,30000.0,,,,,,,,,,,,,,,,,,,,,,,,,,,,,,
openml:43439,43439,climb,climb:43439,Medical-Appointment-No-Shows,2026-08-31T21:41:30.676045+00:00,False,False,none,prefilter_rows_out_of_range:110527.0,EXCLUDE,1,No-show,"Context
A person makes a doctor appointment, receives all the instructions and no-show. Who to blame? 
If this help you studying or working, please dont forget to upvote :).  Reference to Joni Hoppen and Aquarela Advanced Analytics  Aquarela
Greetings! 
Content
110.527 medical appointments its 14 associated variables (characteristics). The most important one if the patient show-up or no-show to the appointment.  Variable names are self-explanatory, if you have doubts, just let me know! 
scholarship variable means this concept = https://en.wikipedia.org/wiki/Bolsa_FamC3ADlia
14 variables 
Data Dictionary
01 - PatientId

Identification of a patient

02 - AppointmentID

Identification of each appointment

03 - Gender

Male or Female . Female is the greater proportion, woman takes way more car",,,,110527.0,,,,,,,,,,,,,,,,,,,,,,,,,,,,,,
openml:43551,43551,climb,climb:43551,Employee-Turnover-at-TECHCO,2026-08-31T21:41:30.676825+00:00,False,False,none,prefilter_rows_out_of_range:34452.0,EXCLUDE,1,turnover,"Context
These are simulated data based on employee turnover data in a real technology company in India (we refer to this company by a pseudonym, 'TECHCO'). These data can be used to analyze drivers of turnover at TECHCO. The original dataset was analyzed in the paper Machine Learning for Pattern Discovery in Management Research (SSRN version here). This publicly offered dataset is simulated based on the original data for privacy considerations. Along with the accompanying Python Kaggle code and R Kaggle code, this dataset will help readers learn how to implement the ML techniques in the paper. The data and code demonstrate how ML can be useful for discovering nonlinear and interactive patterns between variables that may otherwise have gone unnoticed. 
Content
This dataset includes 1,191 en",,,,34452.0,,,,,,,,,,,,,,,,,,,,,,,,,,,,,,
openml:43893,43893,climb,climb:43893,ibm-employee-attrition,2026-08-31T21:41:30.677584+00:00,False,False,none,"objective_fail:has_continuous,minority_count_ge_250",EXCLUDE,1,Attrition,"IBM Employee Attrition Data 
 The dataset used in the code pattern is supplied by Kaggle and contains HR analytics data of employees
that stay and leave. The types of data include metrics such as education level, job satisfactions, and commmute distance. 
 The dataset was obtained
from https://github.com/IBM/employee-attrition-aif360. 

The dataset is available under the Open Dataset License and the Database Content License.",No|Yes,Yes,No,1470.0,34.0,26.0,8.0,0.0,34.0,0.0,237.0,1233.0,0.1612244897959183,4.2025316455696204,0.0,1234.0,08de75675149b7982e6b1f447864d10fd10bfd58628ca2bae766f13a4d26de49,"{""binary"": true, ""rows_in_range"": true, ""has_continuous"": false, ""prevalence_ge_0_02"": true, ""prevalence_le_upper"": true, ""minority_count_ge_250"": false, ""missing_lt_10pct"": true, ""encoded_features_le_100"": true, ""tabpfn_envelope_balanced_train_le_10000"": true, ""treatment_intensity_r_ge_0_5"": true}",False,True,True,False,True,True,False,True,True,True,True,,,,,
openml:43903,43903,climb,climb:43903,Diabetes-130-Hospitals_(Fairlearn),2026-08-31T21:41:30.702871+00:00,False,False,none,prefilter_rows_out_of_range:101766.0,EXCLUDE,2,readmit_30_days,"The ""Diabetes 130-Hospitals"" dataset represents 10 years of clinical care at 130 U.S. hospitals and delivery networks, collected from 1999 to 2008. Each record represents the hospital admission record for a patient diagnosed with diabetes whose stay lasted between one to fourteen days. The features describing each encounter include demographics, diagnoses, diabetic medications, number of visits in the year preceding the encounter, and payer information, as well as whether the patient was readmitted after release, and whether the readmission occurred within 30 days of the release.

The original ""Diabetes 130-Hospitals"" dataset was collected by Beata Strack, Jonathan P. DeShazo, Chris Gennings, Juan L. Olmo, Sebastian Ventura, Krzysztof J. Cios, and John N. Clore in 2014.

This version of th",,,,101766.0,,,,,,,,,,,,,,,,,,,,,,,,,,,,,,
openml:43904,43904,climb,climb:43904,law-school-admission-bianry,2026-08-31T21:41:30.703743+00:00,False,False,none,prefilter_rows_out_of_range:20800.0,EXCLUDE,3,ugpagt3,"Law School Admissions (Binarized) 
 Survey among students attending law school in the U.S. in 1991. 
 The dataset was obtained from the R-package fairml. 
 The response variable has been changed to a binary version: Whether ugpa is greater than 3.
 The race1 variables has been binarized to labels white and non-white.",,,,20800.0,,,,,,,,,,,,,,,,,,,,,,,,,,,,,,
openml:43925,43925,climb,climb:43925,eucalyptus,2026-08-31T21:41:30.704487+00:00,False,False,none,prefilter_not_binary:4.0,EXCLUDE,4,Class,"jobScheduling: HPC Job Scheduling Data
In AppliedPredictiveModeling: Functions and Data Sets for 'Applied Predictive Modeling'",,,,,,,,,,,,,,,,,,,,,,,,,,,,,,,,,,
openml:44232,44232,climb,climb:44232,UCI_churn,2026-08-31T21:41:30.705217+00:00,False,False,none,"human_exclude:Probable subset/variant of the 5,000-row classic telecom churn dataset; excluded conservatively to preserve dataset-leve",EXCLUDE,1,churn,No description available,False|True,True,False,3333.0,20.0,16.0,4.0,8.0,20.0,0.0,483.0,2850.0,0.1449144914491449,4.900621118012422,0.0,2850.0,eef3ef855de7c814edc22d985ed6b69d0772f5cbe2381b9147a1ec664a4402a9,"{""binary"": true, ""rows_in_range"": true, ""has_continuous"": true, ""prevalence_ge_0_02"": true, ""prevalence_le_upper"": true, ""minority_count_ge_250"": true, ""missing_lt_10pct"": true, ""encoded_features_le_100"": true, ""tabpfn_envelope_balanced_train_le_10000"": true, ""treatment_intensity_r_ge_0_5"": true}",False,True,True,True,True,True,True,True,True,True,True,HUMAN_RESOLVED_V1_1,EXCLUDE,"Probable subset/variant of the 5,000-row classic telecom churn dataset; excluded conservatively to preserve dataset-level independence.",,A_duplicate_derivative
openml:45067,45067,climb,climb:45067,okcupid_stem,2026-08-31T21:41:30.738310+00:00,False,False,none,prefilter_rows_out_of_range:26677.0,EXCLUDE,1,class,"User profile data for San Francisco OkCupid users published in [Kim, A. Y., & Escobedo-Land, A. (2015). OKCupid data for introductory statistics and data science courses. Journal of Statistics Education, 23(2).]. The curated dataset was downloaded from [https://github.com/rudeboybert/JSE_OkCupid]. The original dataset was created with the use of a python script that pulled the data from public profiles on www.okcupid.com on 06/30/2012. It includes people (n = 59946) within a 25 mile radius of San Francisco, who were online in the last year (06/30/2011), with at least one profile picture. Permission to use this data was obtained by the author of the original paper from OkCupid president and co-founder Christian Rudder under the condition that the dataset remains public. As target, the varia",,,,26677.0,,,,,,,,,,,,,,,,,,,,,,,,,,,,,,
openml:45068,45068,climb,climb:45068,adult,2026-08-31T21:41:30.739219+00:00,False,False,none,prefilter_rows_out_of_range:48842.0,EXCLUDE,4,class,Prediction task is to determine whether a person makes over 50K a year. Extraction was done by Barry Becker from the 1994 Census database. A set of reasonably clean records was extracted using the following conditions: ((AAGE>16) && (AGI>100) && (AFNLWGT>1)&& (HRSWK>0)),,,,48842.0,,,,,,,,,,,,,,,,,,,,,,,,,,,,,,
openml:45548,45548,climb,climb:45548,Otto-Group-Product-Classification-Challenge,2026-08-31T21:41:30.740006+00:00,False,False,none,prefilter_rows_out_of_range:61878.0,EXCLUDE,1,target,"## Overview

The Otto Group is one of the world's biggest e-commerce companies, with subsidiaries in more than 20 countries, including Crate & Barrel (USA), Otto.de (Germany) and 3 Suisses (France). We are selling millions of products worldwide every day, with several thousand products being added to our product line.

A consistent analysis of the performance of our products is crucial. However, due to our diverse global infrastructure, many identical products get classified differently. Therefore, the quality of our product analysis depends heavily on the ability to accurately cluster similar products. The better the classification, the more insights we can generate about our product range.

For this competition, we have provided a dataset with 93 features for more than 200,000 products. ",,,,61878.0,,,,,,,,,,,,,,,,,,,,,,,,,,,,,,
openml:45558,45558,climb,climb:45558,Pulsar-Dataset-HTRU2,2026-08-31T21:41:30.740780+00:00,False,False,none,prefilter_rows_out_of_range:17898.0,EXCLUDE,2,class,"Pulsar candidates collected during the HTRU survey. Pulsars are a type of star, of considerable scientific interest. Candidates must be classified in to pulsar and non-pulsar classes to aid discovery.

## Source:

Dr Robert Lyon, University of Manchester, School of Physics and Astronomy, Alan Turing Building, Manchester M13 9PL, United Kingdom, robert.lyon '@' manchester.ac.uk

## Data Set Information:

HTRU2 is a data set which describes a sample of pulsar candidates collected during the High Time Resolution Universe Survey (South) [1].

Pulsars are a rare type of Neutron star that produce radio emission detectable here on Earth. They are of considerable scientific interest as probes of space-time, the inter-stellar medium, and states of matter (see [2] for more uses).

As pulsars rotate,",,,,17898.0,,,,,,,,,,,,,,,,,,,,,,,,,,,,,,
openml:45560,45560,climb,climb:45560,online-shoppers-intention,2026-08-31T21:41:30.741534+00:00,False,False,none,prefilter_rows_out_of_range:12330.0,EXCLUDE,2,Revenue,"## Source:

1. C. Okan Sakar
Department of Computer Engineering, Faculty of
Engineering and Natural Sciences, Bahcesehir University,
34349 Besiktas, Istanbul, Turkey

2. Yomi Kastro
Inveon Information Technologies Consultancy and Trade,
34335 Istanbul, Turkey

## Data Set Information:

The dataset consists of feature vectors belonging to 12,330 sessions.
The dataset was formed so that each session
would belong to a different user in a 1-year period to avoid
any tendency to a specific campaign, special day, user
profile, or period.


## Attribute Information:

The dataset consists of 10 numerical and 8 categorical attributes.
The 'Revenue' attribute can be used as the class label.

""Administrative"", ""Administrative Duration"", ""Informational"", ""Informational Duration"", ""Product Related"" and ",,,,12330.0,,,,,,,,,,,,,,,,,,,,,,,,,,,,,,
openml:45562,45562,climb,climb:45562,seismic-bumps,2026-08-31T21:41:30.742275+00:00,False,False,none,"objective_fail:has_continuous,minority_count_ge_250",EXCLUDE,3,class,"========================================================================================================
Seismic bumps dataset
========================================================================================================
The data describe the problem of high energy (higher than 10^4 J) seismic bumps forecasting in a coal
mine. Data come from two of longwalls located in a Polish coal mine.

--------------------------------------------------------------------------------------------------------
Citation request
--------------------------------------------------------------------------------------------------------
Sikora M., Wrobel L.: Application of rule induction algorithms for analysis of data collected by seismic
hazard monitoring systems in coal mines. Archives of Mining Scie",0|1,1,0,2584.0,18.0,14.0,4.0,0.0,18.0,0.0,170.0,2414.0,0.0657894736842105,13.2,0.0,2414.0,8440496cf28a650b81412ae4a74a1a96cef12a453d04f66e6a180dd91f521779,"{""binary"": true, ""rows_in_range"": true, ""has_continuous"": false, ""prevalence_ge_0_02"": true, ""prevalence_le_upper"": true, ""minority_count_ge_250"": false, ""missing_lt_10pct"": true, ""encoded_features_le_100"": true, ""tabpfn_envelope_balanced_train_le_10000"": true, ""treatment_intensity_r_ge_0_5"": true}",False,True,True,False,True,True,False,True,True,True,True,,,,,
openml:45717,45717,climb,climb:45717,bwin_amlb,2026-08-31T21:41:30.772235+00:00,False,False,none,objective_fail:minority_count_ge_250,EXCLUDE,1,DV,"This analytic dataset contains actual betting behavior virtual live action betting for each participant aggregated over one month period from the date the account was opened. Also, it contains live action betting for each participant aggregated over the twenty-four-month study period from February 1, 2005 through February 28, 2007 or until the account was closed.",0|1,1,0,530.0,13.0,11.0,2.0,6.0,13.0,0.0,176.0,354.0,0.3320754716981132,1.0113636363636365,0.0,354.0,8e7395205b6a7da67b3c7da0b75fc09d7174fae03cd73606cd3095fe6440a2d4,"{""binary"": true, ""rows_in_range"": true, ""has_continuous"": true, ""prevalence_ge_0_02"": true, ""prevalence_le_upper"": true, ""minority_count_ge_250"": false, ""missing_lt_10pct"": true, ""encoded_features_le_100"": true, ""tabpfn_envelope_balanced_train_le_10000"": true, ""treatment_intensity_r_ge_0_5"": true}",False,True,True,True,True,True,False,True,True,True,True,,,,,
openml:46281,46281,climb,climb:46281,insurance_company,2026-08-31T21:41:30.790839+00:00,False,False,none,objective_fail:has_continuous,EXCLUDE,1,target,"From original source:
-----

Additional Information

Information about customers consists of 86 variables and includes product usage data and socio-demographic data derived from zip area codes. The data was supplied by the Dutch data mining company Sentient Machine Research and is based on a real world business problem. The training set contains over 5000 descriptions of customers, including the information of whether or not they have a caravan insurance policy. A test set contains 4000 customers of whom only the organisers know if they have a caravan insurance policy. 

The data dictionary (http://kdd.ics.uci.edu/databases/tic/dictionary.txt) describes the variables used and their values. 

Note: All the variables starting with M are zipcode variables. They give information on the distrib",0|1,1,0,9822.0,85.0,23.0,62.0,0.0,85.0,0.0,586.0,9236.0,0.0596619833027896,14.761092150170647,0.0,9236.0,ee9e5fe1960f2ddbe9bb9e2b9b3493e2937ed16aaf01c13ff081bc8c19aa7cbf,"{""binary"": true, ""rows_in_range"": true, ""has_continuous"": false, ""prevalence_ge_0_02"": true, ""prevalence_le_upper"": true, ""minority_count_ge_250"": true, ""missing_lt_10pct"": true, ""encoded_features_le_100"": true, ""tabpfn_envelope_balanced_train_le_10000"": true, ""treatment_intensity_r_ge_0_5"": true}",False,True,True,False,True,True,True,True,True,True,True,,,,,
openml:46362,46362,climb,climb:46362,Customer_Churn_Classification,2026-08-31T21:41:30.883733+00:00,False,False,none,prefilter_rows_out_of_range:175028.0,EXCLUDE,1,exited,This dataset contains customer data for a classification task to predict churn based on behavioral and demographic features. The target variable 'exited' indicates whether a customer has churned (1) or not (0).,,,,175028.0,,,,,,,,,,,,,,,,,,,,,,,,,,,,,,
openml:46503,46503,climb,climb:46503,Credit_Approval_Classification,2026-08-31T21:41:30.884614+00:00,False,False,none,objective_fail:has_continuous,EXCLUDE,4,class,"A dataset for binary classification of credit approval status. Features include customer demographics, financial attributes, and credit history. The target variable class indicates whether the credit is good or bad.",0|1,0,1,1000.0,50.0,50.0,0.0,0.0,50.0,0.0,300.0,700.0,0.3,1.3333333333333337,0.0,700.0,7072048e355f72b85cb7f97d67742175efe77855716a2945e8c67e58ce08dec5,"{""binary"": true, ""rows_in_range"": true, ""has_continuous"": false, ""prevalence_ge_0_02"": true, ""prevalence_le_upper"": true, ""minority_count_ge_250"": true, ""missing_lt_10pct"": true, ""encoded_features_le_100"": true, ""tabpfn_envelope_balanced_train_le_10000"": true, ""treatment_intensity_r_ge_0_5"": true}",False,True,True,False,True,True,True,True,True,True,True,,,,,
openml:46904,46904,tabarena_v0.1,tabarena_v0.1:46904,airfoil_self_noise,2026-08-31T21:41:30.913241+00:00,False,False,none,prefilter_not_binary:0.0,EXCLUDE,9,scaled-sound-pressure,"This dataset was curated for [TabArena](https://tabarena.ai/) by the TabArena team
as part of the [TabArena Tabular ML IID Study](https://tabarena.ai/data-tabular-ml-iid-study).
For more details on the study, see our [paper](https://tabarena.ai/paper-tabular-ml-iid-study).

**Dataset Focus**: This dataset shall be used for evaluating predictive machine
learning models for independent and identically distributed tabular data. The
intended task is regression.

---
#### Dataset Metadata
- **Licence:** CC BY 4.0
- **Original Data Source:** https://doi.org/10.24432/C5VW2C
- **Reference (please cite)**: Brooks, Thomas F., D. Stuart Pope, and Michael A. Marcolini. Airfoil self-noise and prediction. No. L-16528. 1989. https://ntrs.nasa.gov/citations/19890016302
- **Dataset Year:** 2014
- **Dataset",,,,,,,,,,,,,,,,,,,,,,,,,,,,,,,,,,
openml:46905,46905,tabarena_v0.1,tabarena_v0.1:46905,Amazon_employee_access,2026-08-31T21:41:30.914100+00:00,False,False,none,prefilter_rows_out_of_range:32769.0,EXCLUDE,3,ResourceApproved,"This dataset was curated for [TabArena](https://tabarena.ai/) by the TabArena team
as part of the [TabArena Tabular ML IID Study](https://tabarena.ai/data-tabular-ml-iid-study).
For more details on the study, see our [paper](https://tabarena.ai/paper-tabular-ml-iid-study).

**Dataset Focus**: This dataset shall be used for evaluating predictive machine
learning models for independent and identically distributed tabular data. The
intended task is classification.

---
#### Dataset Metadata
- **Licence:** Public Domain
- **Original Data Source:** https://www.kaggle.com/c/amazon-employee-access-challenge
- **Reference (please cite)**: Ben Hamner, kenmonta, and Will Cukierski. Amazon.com - Employee Access Challenge. https://kaggle.com/competitions/amazon-employee-access-challenge, 2013. Kaggle.",,,,32769.0,,,,,,,,,,,,,,,,,,,,,,,,,,,,,,
openml:46906,46906,tabarena_v0.1,tabarena_v0.1:46906,anneal,2026-08-31T21:41:30.914997+00:00,False,False,none,prefilter_not_binary:5.0,EXCLUDE,18,classes,"This dataset was curated for [TabArena](https://tabarena.ai/) by the TabArena team
as part of the [TabArena Tabular ML IID Study](https://tabarena.ai/data-tabular-ml-iid-study).
For more details on the study, see our [paper](https://tabarena.ai/paper-tabular-ml-iid-study).

**Dataset Focus**: This dataset shall be used for evaluating predictive machine
learning models for independent and identically distributed tabular data. The
intended task is classification.

---
#### Dataset Metadata
- **Licence:** CC BY 4.0
- **Original Data Source:** https://doi.org/10.24432/C5RW2F
- **Reference (please cite)**: 'Annealing.' UCI Machine Learning Repository,  https://doi.org/10.24432/C5RW2F.
- **Dataset Year:** 1990
- **Dataset Description:** see the reference and the original data source for details.",,,,,,,,,,,,,,,,,,,,,,,,,,,,,,,,,,
openml:46907,46907,tabarena_v0.1,tabarena_v0.1:46907,Another-Dataset-on-used-Fiat-500,2026-08-31T21:41:30.915758+00:00,False,False,none,prefilter_not_binary:0.0,EXCLUDE,1,price,"This dataset was curated for [TabArena](https://tabarena.ai/) by the TabArena team
as part of the [TabArena Tabular ML IID Study](https://tabarena.ai/data-tabular-ml-iid-study).
For more details on the study, see our [paper](https://tabarena.ai/paper-tabular-ml-iid-study).

**Dataset Focus**: This dataset shall be used for evaluating predictive machine
learning models for independent and identically distributed tabular data. The
intended task is regression.

---
#### Dataset Metadata
- **Licence:** CC0: Public Domain
- **Original Data Source:** https://www.kaggle.com/datasets/paolocons/another-fiat-500-dataset-1538-rows
- **Reference (please cite)**: Kaggle User Paolocons. 'Another Dataset on Used Fiat 500 (1538 Rows).' 2020. Kaggle, https://www.kaggle.com/datasets/paolocons/another-fiat-5",,,,,,,,,,,,,,,,,,,,,,,,,,,,,,,,,,
openml:46908,46908,tabarena_v0.1,tabarena_v0.1:46908,APSFailure,2026-08-31T21:41:30.916512+00:00,False,False,none,prefilter_rows_out_of_range:76000.0,EXCLUDE,2,AirPressureSystemFailure,"This dataset was curated for [TabArena](https://tabarena.ai/) by the TabArena team
as part of the [TabArena Tabular ML IID Study](https://tabarena.ai/data-tabular-ml-iid-study).
For more details on the study, see our [paper](https://tabarena.ai/paper-tabular-ml-iid-study).

**Dataset Focus**: This dataset shall be used for evaluating predictive machine
learning models for independent and identically distributed tabular data. The
intended task is classification.

---
#### Dataset Metadata
- **Licence:** CC BY 4.0
- **Original Data Source:** https://doi.org/10.24432/C5V60Q
- **Reference (please cite)**: IDA2016Challenge [Dataset]. (2016). UCI Machine Learning Repository. https://doi.org/10.24432/C5V60Q.
- **Dataset Year:** 2016
- **Dataset Description:** see the reference and the original da",,,,76000.0,,,,,,,,,,,,,,,,,,,,,,,,,,,,,,
openml:46910,46910,tabarena_v0.1,tabarena_v0.1:46910,bank-marketing,2026-08-31T21:41:30.917254+00:00,False,False,none,prefilter_rows_out_of_range:45211.0,EXCLUDE,10,SubscribeTermDeposit,"This dataset was curated for [TabArena](https://tabarena.ai/) by the TabArena team
as part of the [TabArena Tabular ML IID Study](https://tabarena.ai/data-tabular-ml-iid-study).
For more details on the study, see our [paper](https://tabarena.ai/paper-tabular-ml-iid-study).

**Dataset Focus**: This dataset shall be used for evaluating predictive machine
learning models for independent and identically distributed tabular data. The
intended task is classification.

---
#### Dataset Metadata
- **Licence:** CC BY 4.0
- **Original Data Source:** https://doi.org/10.24432/C5K306
- **Reference (please cite)**: Moro, Sergio, Paulo Cortez, and Paulo Rita. 'A data-driven approach to predict the success of bank telemarketing.' Decision Support Systems 62 (2014): 22-31. https://doi.org/10.1016/j.dss.201",,,,45211.0,,,,,,,,,,,,,,,,,,,,,,,,,,,,,,
openml:46911,46911,tabarena_v0.1,tabarena_v0.1:46911,Bank_Customer_Churn,2026-08-31T21:41:30.917997+00:00,True,True,none,,KEEP,1,churn,"This dataset was curated for [TabArena](https://tabarena.ai/) by the TabArena team
as part of the [TabArena Tabular ML IID Study](https://tabarena.ai/data-tabular-ml-iid-study).
For more details on the study, see our [paper](https://tabarena.ai/paper-tabular-ml-iid-study).

**Dataset Focus**: This dataset shall be used for evaluating predictive machine
learning models for independent and identically distributed tabular data. The
intended task is classification.

---
#### Dataset Metadata
- **Licence:** Public
- **Original Data Source:** https://www.kaggle.com/datasets/gauravtopre/bank-customer-churn-dataset
- **Reference (please cite)**: Topre, Gaurav. 'Bank Customer Churn Dataset.' Kaggle, 2022, https://www.kaggle.com/datasets/gauravtopre/bank-customer-churn-dataset.
- **Dataset Year:** 2",No|Yes,Yes,No,10000.0,10.0,6.0,4.0,2.0,10.0,0.0,2037.0,7963.0,0.2037,2.909180166912126,0.0,7964.0,85d34457ab9a4dc995e993f4349c502818d23ae27e9d140cea45493b011bc568,"{""binary"": true, ""rows_in_range"": true, ""has_continuous"": true, ""prevalence_ge_0_02"": true, ""prevalence_le_upper"": true, ""minority_count_ge_250"": true, ""missing_lt_10pct"": true, ""encoded_features_le_100"": true, ""tabpfn_envelope_balanced_train_le_10000"": true, ""treatment_intensity_r_ge_0_5"": true}",False,True,True,True,True,True,True,True,True,True,True,PROPOSED_KEEP_METADATA_CLEAR,KEEP,tabarena_v0.1_curated_iid_no_semantic_keyword_hits,,
openml:46912,46912,tabarena_v0.1,tabarena_v0.1:46912,Bioresponse,2026-08-31T21:41:30.978115+00:00,False,False,none,"objective_fail:prevalence_le_upper,encoded_features_le_100,treatment_intensity_r_ge_0_5",EXCLUDE,4,MoleculeElicitsResponse,"This dataset was curated for [TabArena](https://tabarena.ai/) by the TabArena team
as part of the [TabArena Tabular ML IID Study](https://tabarena.ai/data-tabular-ml-iid-study).
For more details on the study, see our [paper](https://tabarena.ai/paper-tabular-ml-iid-study).

**Dataset Focus**: This dataset shall be used for evaluating predictive machine
learning models for independent and identically distributed tabular data. The
intended task is classification.

---
#### Dataset Metadata
- **Licence:** Public Domain
- **Original Data Source:** https://www.kaggle.com/c/bioresponse
- **Reference (please cite)**: Ben Hamner, dcthompson, and Jorg. Predicting a Biological Response. https://kaggle.com/competitions/bioresponse, 2012. Kaggle.
- **Dataset Year:** 2012
- **Dataset Description:** see",No|Yes,No,Yes,3751.0,1776.0,1776.0,0.0,941.0,1776.0,0.0,1717.0,2034.0,0.4577446014396161,0.1846243447874199,0.0,2034.0,c35e2de0b431a88ae3b71e36c17a52d94903e005d38c62b9325095d60f251013,"{""binary"": true, ""rows_in_range"": true, ""has_continuous"": true, ""prevalence_ge_0_02"": true, ""prevalence_le_upper"": false, ""minority_count_ge_250"": true, ""missing_lt_10pct"": true, ""encoded_features_le_100"": false, ""tabpfn_envelope_balanced_train_le_10000"": true, ""treatment_intensity_r_ge_0_5"": false}",False,True,True,True,True,False,True,True,False,True,False,,,,,
openml:46913,46913,tabarena_v0.1,tabarena_v0.1:46913,blood-transfusion-service-center,2026-08-31T21:41:31.350929+00:00,False,False,none,"objective_fail:has_continuous,minority_count_ge_250",EXCLUDE,2,DonatedBloodInMarch2007,"This dataset was curated for [TabArena](https://tabarena.ai/) by the TabArena team
as part of the [TabArena Tabular ML IID Study](https://tabarena.ai/data-tabular-ml-iid-study).
For more details on the study, see our [paper](https://tabarena.ai/paper-tabular-ml-iid-study).

**Dataset Focus**: This dataset shall be used for evaluating predictive machine
learning models for independent and identically distributed tabular data. The
intended task is classification.

---
#### Dataset Metadata
- **Licence:** CC BY 4.0
- **Original Data Source:** https://doi.org/10.24432/C5GS39
- **Reference (please cite)**: Yeh, I-Cheng, King-Jang Yang, and Tao-Ming Ting. 'Knowledge discovery on RFM model using Bernoulli sequence.' Expert Systems with applications 36.3 (2009): 5866-5871. https://doi.org/10.1016/",No|Yes,Yes,No,748.0,4.0,4.0,0.0,0.0,4.0,0.0,178.0,570.0,0.2379679144385026,2.202247191011236,0.0,570.0,3d2f8135378ae39f320e62f767643fb272153dac3effbe0ead67c8cd044ea6f1,"{""binary"": true, ""rows_in_range"": true, ""has_continuous"": false, ""prevalence_ge_0_02"": true, ""prevalence_le_upper"": true, ""minority_count_ge_250"": false, ""missing_lt_10pct"": true, ""encoded_features_le_100"": true, ""tabpfn_envelope_balanced_train_le_10000"": true, ""treatment_intensity_r_ge_0_5"": true}",False,True,True,False,True,True,False,True,True,True,True,,,,,
openml:46915,46915,tabarena_v0.1,tabarena_v0.1:46915,churn,2026-08-31T21:41:31.368441+00:00,True,True,none,,KEEP,4,CustomerChurned,"This dataset was curated for [TabArena](https://tabarena.ai/) by the TabArena team
as part of the [TabArena Tabular ML IID Study](https://tabarena.ai/data-tabular-ml-iid-study).
For more details on the study, see our [paper](https://tabarena.ai/paper-tabular-ml-iid-study).

**Dataset Focus**: This dataset shall be used for evaluating predictive machine
learning models for independent and identically distributed tabular data. The
intended task is classification.

---
#### Dataset Metadata
- **Licence:** MIT License
- **Original Data Source:** Original source lost. See instead PMLB (https://github.com/EpistasisLab/pmlb/tree/master/datasets/churn) or OpenML dataset ID 40701.
- **Reference (please cite)**: Marcoulides, George A. 'Discovering Knowledge in Data: an Introduction to Data Mining.' ",No|Yes,Yes,No,5000.0,19.0,15.0,4.0,8.0,19.0,0.0,707.0,4293.0,0.1414,5.072135785007073,0.0,4294.0,fd16427b2e4f30f71a63e54440d5a8be2bc134e3e607b4f0dc15a77bea7c51a9,"{""binary"": true, ""rows_in_range"": true, ""has_continuous"": true, ""prevalence_ge_0_02"": true, ""prevalence_le_upper"": true, ""minority_count_ge_250"": true, ""missing_lt_10pct"": true, ""encoded_features_le_100"": true, ""tabpfn_envelope_balanced_train_le_10000"": true, ""treatment_intensity_r_ge_0_5"": true}",False,True,True,True,True,True,True,True,True,True,True,PROPOSED_KEEP_METADATA_CLEAR,KEEP,tabarena_v0.1_curated_iid_no_semantic_keyword_hits,,
openml:46916,46916,tabarena_v0.1,tabarena_v0.1:46916,coil2000_insurance_policies,2026-08-31T21:41:31.410184+00:00,False,False,none,objective_fail:has_continuous,EXCLUDE,1,MobileHomePolicy,"This dataset was curated for [TabArena](https://tabarena.ai/) by the TabArena team
as part of the [TabArena Tabular ML IID Study](https://tabarena.ai/data-tabular-ml-iid-study).
For more details on the study, see our [paper](https://tabarena.ai/paper-tabular-ml-iid-study).

**Dataset Focus**: This dataset shall be used for evaluating predictive machine
learning models for independent and identically distributed tabular data. The
intended task is classification.

---
#### Dataset Metadata
- **Licence:** CC BY 4.0
- **Original Data Source:** https://doi.org/10.24432/C5630S
- **Reference (please cite)**: Van Der Putten, Peter, and Maarten van Someren. CoIL challenge 2000: The insurance company case. Technical Report 200009, Leiden Institute of Advanced Computer Science, Universiteit van Leide",No|Yes,Yes,No,9822.0,85.0,80.0,5.0,0.0,85.0,0.0,586.0,9236.0,0.0596619833027896,14.761092150170647,0.0,9236.0,b721d02d829f58b3533fa2bf19c984e9ec2bd674b73f146db589e055a2efca09,"{""binary"": true, ""rows_in_range"": true, ""has_continuous"": false, ""prevalence_ge_0_02"": true, ""prevalence_le_upper"": true, ""minority_count_ge_250"": true, ""missing_lt_10pct"": true, ""encoded_features_le_100"": true, ""tabpfn_envelope_balanced_train_le_10000"": true, ""treatment_intensity_r_ge_0_5"": true}",False,True,True,False,True,True,True,True,True,True,True,,,,,
openml:46917,46917,tabarena_v0.1,tabarena_v0.1:46917,concrete_compressive_strength,2026-08-31T21:41:31.484679+00:00,False,False,none,prefilter_not_binary:0.0,EXCLUDE,8,ConcreteCompressiveStrength,"This dataset was curated for [TabArena](https://tabarena.ai/) by the TabArena team
as part of the [TabArena Tabular ML IID Study](https://tabarena.ai/data-tabular-ml-iid-study).
For more details on the study, see our [paper](https://tabarena.ai/paper-tabular-ml-iid-study).

**Dataset Focus**: This dataset shall be used for evaluating predictive machine
learning models for independent and identically distributed tabular data. The
intended task is regression.

---
#### Dataset Metadata
- **Licence:** CC BY 4.0
- **Original Data Source:** https://doi.org/10.24432/C5PK67
- **Reference (please cite)**: Yeh, I-C. 'Modeling of strength of high-performance concrete using artificial neural networks.' Cement and Concrete research 28.12 (1998): 1797-1808. https://doi.org/10.1016/S0008-8846(98)00165-3",,,,,,,,,,,,,,,,,,,,,,,,,,,,,,,,,,
openml:46918,46918,tabarena_v0.1,tabarena_v0.1:46918,credit-g,2026-08-31T21:41:31.485549+00:00,False,False,none,objective_fail:has_continuous,EXCLUDE,5,good_or_bad_customer,"This dataset was curated for [TabArena](https://tabarena.ai/) by the TabArena team
as part of the [TabArena Tabular ML IID Study](https://tabarena.ai/data-tabular-ml-iid-study).
For more details on the study, see our [paper](https://tabarena.ai/paper-tabular-ml-iid-study).

**Dataset Focus**: This dataset shall be used for evaluating predictive machine
learning models for independent and identically distributed tabular data. The
intended task is classification.

---
#### Dataset Metadata
- **Licence:** CC BY 4.0
- **Original Data Source:** https://doi.org/10.24432/C5NC77
- **Reference (please cite)**: Hofmann, H. (1994). Statlog (German Credit Data) [Dataset]. UCI Machine Learning Repository. https://doi.org/10.24432/C5NC77.
- **Dataset Year:** 1994
- **Dataset Description:** see the refer",bad|good,bad,good,1000.0,20.0,7.0,13.0,0.0,20.0,0.0,300.0,700.0,0.3,1.3333333333333337,0.0,700.0,b80c959f8e30f04a1de4fb2bfb5d3b38b000febb1853ca35077ff485a32c8ab1,"{""binary"": true, ""rows_in_range"": true, ""has_continuous"": false, ""prevalence_ge_0_02"": true, ""prevalence_le_upper"": true, ""minority_count_ge_250"": true, ""missing_lt_10pct"": true, ""encoded_features_le_100"": true, ""tabpfn_envelope_balanced_train_le_10000"": true, ""treatment_intensity_r_ge_0_5"": true}",False,True,True,False,True,True,True,True,True,True,True,,,,,
openml:46919,46919,tabarena_v0.1,tabarena_v0.1:46919,credit_card_clients_default,2026-08-31T21:41:31.506432+00:00,False,False,none,prefilter_rows_out_of_range:30000.0,EXCLUDE,1,DefaultOnPaymentNextMonth,"This dataset was curated for [TabArena](https://tabarena.ai/) by the TabArena team
as part of the [TabArena Tabular ML IID Study](https://tabarena.ai/data-tabular-ml-iid-study).
For more details on the study, see our [paper](https://tabarena.ai/paper-tabular-ml-iid-study).

**Dataset Focus**: This dataset shall be used for evaluating predictive machine
learning models for independent and identically distributed tabular data. The
intended task is classification.

---
#### Dataset Metadata
- **Licence:** CC BY 4.0
- **Original Data Source:** https://doi.org/10.24432/C55S3H
- **Reference (please cite)**: Yeh, I-Cheng, and Che-hui Lien. 'The comparisons of data mining techniques for the predictive accuracy of probability of default of credit card clients.' Expert systems with applications 36.2",,,,30000.0,,,,,,,,,,,,,,,,,,,,,,,,,,,,,,
openml:46920,46920,tabarena_v0.1,tabarena_v0.1:46920,customer_satisfaction_in_airline,2026-08-31T21:41:31.507300+00:00,False,False,none,prefilter_rows_out_of_range:129880.0,EXCLUDE,1,satisfaction,"This dataset was curated for [TabArena](https://tabarena.ai/) by the TabArena team
as part of the [TabArena Tabular ML IID Study](https://tabarena.ai/data-tabular-ml-iid-study).
For more details on the study, see our [paper](https://tabarena.ai/paper-tabular-ml-iid-study).

**Dataset Focus**: This dataset shall be used for evaluating predictive machine
learning models for independent and identically distributed tabular data. The
intended task is classification.

---
#### Dataset Metadata
- **Licence:** CC0: Public Domain
- **Original Data Source:** https://www.kaggle.com/datasets/yakhyojon/customer-satisfaction-in-airline
- **Reference (please cite)**: Kaggle User Yakhyojon. 'Customer Satisfaction in Airline.' Kaggle, 2023, https://www.kaggle.com/datasets/yakhyojon/customer-satisfaction-in",,,,129880.0,,,,,,,,,,,,,,,,,,,,,,,,,,,,,,
openml:46921,46921,tabarena_v0.1,tabarena_v0.1:46921,diabetes,2026-08-31T21:41:31.508051+00:00,True,True,none,,KEEP,7,TestedPositiveForDiabetes,"This dataset was curated for [TabArena](https://tabarena.ai/) by the TabArena team
as part of the [TabArena Tabular ML IID Study](https://tabarena.ai/data-tabular-ml-iid-study).
For more details on the study, see our [paper](https://tabarena.ai/paper-tabular-ml-iid-study).

**Dataset Focus**: This dataset shall be used for evaluating predictive machine
learning models for independent and identically distributed tabular data. The
intended task is classification.

---
#### Dataset Metadata
- **Licence:** CC0: Public Domain
- **Original Data Source:** Original UCI source is lost, backup on [OpenML](https://www.openml.org/search?type=data&sort=runs&id=37) and [Kaggle](https://www.kaggle.com/datasets/uciml/pima-indians-diabetes-database).
- **Reference (please cite)**: Smith, Jack W., et al. 'U",No|Yes,Yes,No,768.0,8.0,8.0,0.0,2.0,8.0,0.0,268.0,500.0,0.3489583333333333,0.8656716417910449,0.0,500.0,9ccdd95253e038619ce070a0e9ced24e382b413bb139f90e432dff81adc884dd,"{""binary"": true, ""rows_in_range"": true, ""has_continuous"": true, ""prevalence_ge_0_02"": true, ""prevalence_le_upper"": true, ""minority_count_ge_250"": true, ""missing_lt_10pct"": true, ""encoded_features_le_100"": true, ""tabpfn_envelope_balanced_train_le_10000"": true, ""treatment_intensity_r_ge_0_5"": true}",False,True,True,True,True,True,True,True,True,True,True,PROPOSED_KEEP_METADATA_CLEAR,KEEP,tabarena_v0.1_curated_iid_no_semantic_keyword_hits,,
openml:46922,46922,tabarena_v0.1,tabarena_v0.1:46922,Diabetes130US,2026-08-31T21:41:31.525807+00:00,False,False,none,prefilter_rows_out_of_range:71518.0,EXCLUDE,4,EarlyReadmission,"This dataset was curated for [TabArena](https://tabarena.ai/) by the TabArena team
as part of the [TabArena Tabular ML IID Study](https://tabarena.ai/data-tabular-ml-iid-study).
For more details on the study, see our [paper](https://tabarena.ai/paper-tabular-ml-iid-study).

**Dataset Focus**: This dataset shall be used for evaluating predictive machine
learning models for independent and identically distributed tabular data. The
intended task is classification.

---
#### Dataset Metadata
- **Licence:** CC BY 4.0
- **Original Data Source:** https://doi.org/10.24432/C5230J
- **Reference (please cite)**: Strack, Beata, et al. 'Impact of HbA1c measurement on hospital readmission rates: analysis of 70,000 clinical database patient records.' BioMed research international 2014.1 (2014): 781670. h",,,,71518.0,,,,,,,,,,,,,,,,,,,,,,,,,,,,,,
openml:46923,46923,tabarena_v0.1,tabarena_v0.1:46923,diamonds,2026-08-31T21:41:31.526627+00:00,False,False,none,prefilter_rows_out_of_range:53940.0,EXCLUDE,9,price,"This dataset was curated for [TabArena](https://tabarena.ai/) by the TabArena team
as part of the [TabArena Tabular ML IID Study](https://tabarena.ai/data-tabular-ml-iid-study).
For more details on the study, see our [paper](https://tabarena.ai/paper-tabular-ml-iid-study).

**Dataset Focus**: This dataset shall be used for evaluating predictive machine
learning models for independent and identically distributed tabular data. The
intended task is regression.

---
#### Dataset Metadata
- **Licence:** MIT License
- **Original Data Source:** https://github.com/tidyverse/ggplot2/blob/main/data-raw/diamonds.csv
- **Reference (please cite)**: Wickham, Hadley, and Hadley Wickham. 'Data analysis.' ggplot2: Elegant graphics for data analysis (2016): 189-201. https://doi.org/10.1007/978-3-319-24277-4",,,,53940.0,,,,,,,,,,,,,,,,,,,,,,,,,,,,,,
openml:46924,46924,tabarena_v0.1,tabarena_v0.1:46924,E-CommereShippingData,2026-08-31T21:41:31.527378+00:00,False,False,none,prefilter_rows_out_of_range:10999.0,EXCLUDE,1,ArrivedLate,"This dataset was curated for [TabArena](https://tabarena.ai/) by the TabArena team
as part of the [TabArena Tabular ML IID Study](https://tabarena.ai/data-tabular-ml-iid-study).
For more details on the study, see our [paper](https://tabarena.ai/paper-tabular-ml-iid-study).

**Dataset Focus**: This dataset shall be used for evaluating predictive machine
learning models for independent and identically distributed tabular data. The
intended task is classification.

---
#### Dataset Metadata
- **Licence:** Public Domain
- **Original Data Source:** https://www.kaggle.com/datasets/prachi13/customer-analytics
- **Reference (please cite)**: Prachi Gopalani. 'E-Commerce Shipping Data.' Kaggle, 2021, https://www.kaggle.com/datasets/prachi13/customer-analytics.
- **Dataset Year:** 2021
- **Dataset De",,,,10999.0,,,,,,,,,,,,,,,,,,,,,,,,,,,,,,
openml:46927,46927,tabarena_v0.1,tabarena_v0.1:46927,Fitness_Club,2026-08-31T21:41:31.528115+00:00,True,True,none,,KEEP,1,attended,"This dataset was curated for [TabArena](https://tabarena.ai/) by the TabArena team
as part of the [TabArena Tabular ML IID Study](https://tabarena.ai/data-tabular-ml-iid-study).
For more details on the study, see our [paper](https://tabarena.ai/paper-tabular-ml-iid-study).

**Dataset Focus**: This dataset shall be used for evaluating predictive machine
learning models for independent and identically distributed tabular data. The
intended task is classification.

---
#### Dataset Metadata
- **Licence:** Public Domain
- **Original Data Source:** https://www.kaggle.com/datasets/ddosad/datacamps-data-science-associate-certification
- **Reference (please cite)**: Kaggle User Ddosad. 'Fitness Club Dataset for ML Classification.' Kaggle, 2023, https://www.kaggle.com/datasets/ddosad/datacamps-data",No|Yes,Yes,No,1500.0,6.0,3.0,3.0,1.0,7.0,1.0,454.0,1046.0,0.3026666666666666,1.3039647577092517,0.0022222222222222,1046.0,23d6a9f9a02f0aea50f700b704c2aca324ee96608b2f19dee4decbed28233875,"{""binary"": true, ""rows_in_range"": true, ""has_continuous"": true, ""prevalence_ge_0_02"": true, ""prevalence_le_upper"": true, ""minority_count_ge_250"": true, ""missing_lt_10pct"": true, ""encoded_features_le_100"": true, ""tabpfn_envelope_balanced_train_le_10000"": true, ""treatment_intensity_r_ge_0_5"": true}",False,True,True,True,True,True,True,True,True,True,True,PROPOSED_KEEP_METADATA_CLEAR,KEEP,tabarena_v0.1_curated_iid_no_semantic_keyword_hits,,
openml:46928,46928,tabarena_v0.1,tabarena_v0.1:46928,Food_Delivery_Time,2026-08-31T21:41:31.550404+00:00,False,False,none,prefilter_rows_out_of_range:45451.0,EXCLUDE,1,Time_taken(min),"This dataset was curated for [TabArena](https://tabarena.ai/) by the TabArena team
as part of the [TabArena Tabular ML IID Study](https://tabarena.ai/data-tabular-ml-iid-study).
For more details on the study, see our [paper](https://tabarena.ai/paper-tabular-ml-iid-study).

**Dataset Focus**: This dataset shall be used for evaluating predictive machine
learning models for independent and identically distributed tabular data. The
intended task is regression.

---
#### Dataset Metadata
- **Licence:** Database Contents License (DbCL) v1.0
- **Original Data Source:** https://www.kaggle.com/datasets/rajatkumar30/food-delivery-time
- **Reference (please cite)**: Kaggle User Rajatkumar30. 'Food Delivery Time.' Kaggle, 2023, https://www.kaggle.com/datasets/rajatkumar30/food-delivery-time.
- **Data",,,,45451.0,,,,,,,,,,,,,,,,,,,,,,,,,,,,,,
openml:46929,46929,tabarena_v0.1,tabarena_v0.1:46929,GiveMeSomeCredit,2026-08-31T21:41:31.551247+00:00,False,False,none,prefilter_rows_out_of_range:150000.0,EXCLUDE,1,FinancialDistressNextTwoYears,"This dataset was curated for [TabArena](https://tabarena.ai/) by the TabArena team
as part of the [TabArena Tabular ML IID Study](https://tabarena.ai/data-tabular-ml-iid-study).
For more details on the study, see our [paper](https://tabarena.ai/paper-tabular-ml-iid-study).

**Dataset Focus**: This dataset shall be used for evaluating predictive machine
learning models for independent and identically distributed tabular data. The
intended task is classification.

---
#### Dataset Metadata
- **Licence:** Public
- **Original Data Source:** https://www.kaggle.com/competitions/GiveMeSomeCredit
- **Reference (please cite)**: Credit Fusion and Will Cukierski. Give Me Some Credit. https://kaggle.com/competitions/GiveMeSomeCredit, 2011. Kaggle.
- **Dataset Year:** 2011
- **Dataset Description:** se",,,,150000.0,,,,,,,,,,,,,,,,,,,,,,,,,,,,,,
openml:46930,46930,tabarena_v0.1,tabarena_v0.1:46930,hazelnut-spread-contaminant-detection,2026-08-31T21:41:31.552021+00:00,False,False,none,Structural zero treatment: minority prevalence=0.5 implies k=N_majority-N_minority=0.,EXCLUDE,1,Contaminated,"This dataset was curated for [TabArena](https://tabarena.ai/) by the TabArena team
as part of the [TabArena Tabular ML IID Study](https://tabarena.ai/data-tabular-ml-iid-study).
For more details on the study, see our [paper](https://tabarena.ai/paper-tabular-ml-iid-study).

**Dataset Focus**: This dataset shall be used for evaluating predictive machine
learning models for independent and identically distributed tabular data. The
intended task is classification.

---
#### Dataset Metadata
- **Licence:** CC BY-SA
- **Original Data Source:** https://www.openml.org/search?type=data&status=active&id=45538
- **Reference (please cite)**: Ricci, Marco, et al. 'Machine-learning-based microwave sensing: A case study for the food industry.' IEEE Journal on Emerging and Selected Topics in Circuits and",,0,1,2400.0,30.0,,0.0,30.0,30.0,,1200.0,1200.0,0.5,0.0,0.0,,,,,,,,,,,,,,,,,,True,
openml:46931,46931,tabarena_v0.1,tabarena_v0.1:46931,healthcare_insurance_expenses,2026-08-31T21:41:31.559845+00:00,False,False,none,prefilter_not_binary:0.0,EXCLUDE,1,charges,"This dataset was curated for [TabArena](https://tabarena.ai/) by the TabArena team
as part of the [TabArena Tabular ML IID Study](https://tabarena.ai/data-tabular-ml-iid-study).
For more details on the study, see our [paper](https://tabarena.ai/paper-tabular-ml-iid-study).

**Dataset Focus**: This dataset shall be used for evaluating predictive machine
learning models for independent and identically distributed tabular data. The
intended task is regression.

---
#### Dataset Metadata
- **Licence:** Database Contents License (DbCL) v1.0
- **Original Data Source:** https://www.kaggle.com/datasets/arunjangir245/healthcare-insurance-expenses/
- **Reference (please cite)**: Kaggle User Arunjangir245. 'Healthcare Insurance Expenses.' Kaggle, 2023, https://www.kaggle.com/datasets/arunjangir245/he",,,,,,,,,,,,,,,,,,,,,,,,,,,,,,,,,,
openml:46932,46932,tabarena_v0.1,tabarena_v0.1:46932,heloc,2026-08-31T21:41:31.560732+00:00,False,False,none,prefilter_rows_out_of_range:10459.0,EXCLUDE,3,RiskPerformance,"This dataset was curated for [TabArena](https://tabarena.ai/) by the TabArena team
as part of the [TabArena Tabular ML IID Study](https://tabarena.ai/data-tabular-ml-iid-study).
For more details on the study, see our [paper](https://tabarena.ai/paper-tabular-ml-iid-study).

**Dataset Focus**: This dataset shall be used for evaluating predictive machine
learning models for independent and identically distributed tabular data. The
intended task is classification.

---
#### Dataset Metadata
- **Licence:** Public
- **Original Data Source:** https://www.kaggle.com/datasets/averkiyoliabev/home-equity-line-of-creditheloc
- **Reference (please cite)**: Kaggle User Averkiyoliabev. 'Home Equity Line of Credit (HELOC).' Kaggle, 2021, https://www.kaggle.com/datasets/averkiyoliabev/home-equity-line-of-",,,,10459.0,,,,,,,,,,,,,,,,,,,,,,,,,,,,,,
openml:46933,46933,tabarena_v0.1,tabarena_v0.1:46933,hiva_agnostic,2026-08-31T21:41:31.561521+00:00,False,False,none,prefilter_not_binary:3.0,EXCLUDE,2,CompoundActivity,"This dataset was curated for [TabArena](https://tabarena.ai/) by the TabArena team
as part of the [TabArena Tabular ML IID Study](https://tabarena.ai/data-tabular-ml-iid-study).
For more details on the study, see our [paper](https://tabarena.ai/paper-tabular-ml-iid-study).

**Dataset Focus**: This dataset shall be used for evaluating predictive machine
learning models for independent and identically distributed tabular data. The
intended task is classification.

---
#### Dataset Metadata
- **Licence:** Public
- **Original Data Source:** http://www.agnostic.inf.ethz.ch
- **Reference (please cite)**: Guyon, Isabelle, et al. 'Agnostic learning vs. prior knowledge challenge.' 2007 International Joint Conference on Neural Networks. IEEE, 2007. https://doi.org/10.1109/IJCNN.2007.4371065
- **Data",,,,,,,,,,,,,,,,,,,,,,,,,,,,,,,,,,
openml:46934,46934,tabarena_v0.1,tabarena_v0.1:46934,houses,2026-08-31T21:41:31.562276+00:00,False,False,none,prefilter_rows_out_of_range:20640.0,EXCLUDE,7,LnMedianHouseValue,"This dataset was curated for [TabArena](https://tabarena.ai/) by the TabArena team
as part of the [TabArena Tabular ML IID Study](https://tabarena.ai/data-tabular-ml-iid-study).
For more details on the study, see our [paper](https://tabarena.ai/paper-tabular-ml-iid-study).

**Dataset Focus**: This dataset shall be used for evaluating predictive machine
learning models for independent and identically distributed tabular data. The
intended task is regression.

---
#### Dataset Metadata
- **Licence:** Public
- **Original Data Source:** https://lib.stat.cmu.edu/datasets/
- **Reference (please cite)**: Pace, R. Kelley, and Ronald Barry. 'Sparse spatial autoregressions.' Statistics & Probability Letters 33.3 (1997): 291-297. https://doi.org/10.1016/S0167-7152(96)00140-X
- **Dataset Year:** 1990
",,,,20640.0,,,,,,,,,,,,,,,,,,,,,,,,,,,,,,
openml:46935,46935,tabarena_v0.1,tabarena_v0.1:46935,HR_Analytics_Job_Change_of_Data_Scientists,2026-08-31T21:41:31.563018+00:00,False,False,none,prefilter_rows_out_of_range:19158.0,EXCLUDE,1,LookingForJobChange,"This dataset was curated for [TabArena](https://tabarena.ai/) by the TabArena team
as part of the [TabArena Tabular ML IID Study](https://tabarena.ai/data-tabular-ml-iid-study).
For more details on the study, see our [paper](https://tabarena.ai/paper-tabular-ml-iid-study).

**Dataset Focus**: This dataset shall be used for evaluating predictive machine
learning models for independent and identically distributed tabular data. The
intended task is classification.

---
#### Dataset Metadata
- **Licence:** CC0: Public Domain
- **Original Data Source:** https://www.kaggle.com/datasets/arashnic/hr-analytics-job-change-of-data-scientists
- **Reference (please cite)**: Kaggle User Arashnic. 'HR Analytics: Job Change of Data Scientists.' Kaggle, 2021, https://www.kaggle.com/datasets/arashnic/hr-ana",,,,19158.0,,,,,,,,,,,,,,,,,,,,,,,,,,,,,,
openml:46937,46937,tabarena_v0.1,tabarena_v0.1:46937,in_vehicle_coupon_recommendation,2026-08-31T21:41:31.563758+00:00,False,False,none,prefilter_rows_out_of_range:12684.0,EXCLUDE,1,AcceptCoupon,"This dataset was curated for [TabArena](https://tabarena.ai/) by the TabArena team
as part of the [TabArena Tabular ML IID Study](https://tabarena.ai/data-tabular-ml-iid-study).
For more details on the study, see our [paper](https://tabarena.ai/paper-tabular-ml-iid-study).

**Dataset Focus**: This dataset shall be used for evaluating predictive machine
learning models for independent and identically distributed tabular data. The
intended task is classification.

---
#### Dataset Metadata
- **Licence:** CC BY 4.0
- **Original Data Source:** https://doi.org/10.24432/C5GS4P
- **Reference (please cite)**: Wang, Tong, et al. 'A bayesian framework for learning rule sets for interpretable classification.' Journal of Machine Learning Research 18.70 (2017): 1-37. https://www.jmlr.org/papers/v18/16-",,,,12684.0,,,,,,,,,,,,,,,,,,,,,,,,,,,,,,
openml:46938,46938,tabarena_v0.1,tabarena_v0.1:46938,Is-this-a-good-customer,2026-08-31T21:41:31.564490+00:00,False,False,none,"objective_fail:has_continuous,minority_count_ge_250",EXCLUDE,2,bad_client_target,"This dataset was curated for [TabArena](https://tabarena.ai/) by the TabArena team
as part of the [TabArena Tabular ML IID Study](https://tabarena.ai/data-tabular-ml-iid-study).
For more details on the study, see our [paper](https://tabarena.ai/paper-tabular-ml-iid-study).

**Dataset Focus**: This dataset shall be used for evaluating predictive machine
learning models for independent and identically distributed tabular data. The
intended task is classification.

---
#### Dataset Metadata
- **Licence:** CC0: Public Domain
- **Original Data Source:** https://www.kaggle.com/datasets/podsyp/is-this-a-good-customer
- **Reference (please cite)**: Kaggle User Podsyp. 'Is This a Good Customer?' Kaggle, 2020, https://www.kaggle.com/datasets/podsyp/is-this-a-good-customer.
- **Dataset Year:** 2020
-",No|Yes,Yes,No,1723.0,13.0,5.0,8.0,0.0,13.0,0.0,196.0,1527.0,0.1137550783517121,6.790816326530613,0.0,1528.0,69d8dc3f2810367b1110996bed33dd746237b0389b62b785063e4b7a79bd3937,"{""binary"": true, ""rows_in_range"": true, ""has_continuous"": false, ""prevalence_ge_0_02"": true, ""prevalence_le_upper"": true, ""minority_count_ge_250"": false, ""missing_lt_10pct"": true, ""encoded_features_le_100"": true, ""tabpfn_envelope_balanced_train_le_10000"": true, ""treatment_intensity_r_ge_0_5"": true}",False,True,True,False,True,True,False,True,True,True,True,,,,,
openml:46939,46939,tabarena_v0.1,tabarena_v0.1:46939,kddcup09_appetency,2026-08-31T21:41:31.589260+00:00,False,False,none,prefilter_rows_out_of_range:50000.0,EXCLUDE,2,appetency,"This dataset was curated for [TabArena](https://tabarena.ai/) by the TabArena team
as part of the [TabArena Tabular ML IID Study](https://tabarena.ai/data-tabular-ml-iid-study).
For more details on the study, see our [paper](https://tabarena.ai/paper-tabular-ml-iid-study).

**Dataset Focus**: This dataset shall be used for evaluating predictive machine
learning models for independent and identically distributed tabular data. The
intended task is classification.

---
#### Dataset Metadata
- **Licence:** Public
- **Original Data Source:** https://kdd.org/kdd-cup/view/kdd-cup-2009/Intro
- **Reference (please cite)**: Guyon, Isabelle, et al. 'Analysis of the kdd cup 2009: Fast scoring on a large orange customer database.' KDD-Cup 2009 Competition. PMLR, 2009. https://proceedings.mlr.press/v7/g",,,,50000.0,,,,,,,,,,,,,,,,,,,,,,,,,,,,,,
openml:46940,46940,tabarena_v0.1,tabarena_v0.1:46940,Marketing_Campaign,2026-08-31T21:41:31.590149+00:00,False,False,none,objective_fail:has_continuous,EXCLUDE,1,Response,"This dataset was curated for [TabArena](https://tabarena.ai/) by the TabArena team
as part of the [TabArena Tabular ML IID Study](https://tabarena.ai/data-tabular-ml-iid-study).
For more details on the study, see our [paper](https://tabarena.ai/paper-tabular-ml-iid-study).

**Dataset Focus**: This dataset shall be used for evaluating predictive machine
learning models for independent and identically distributed tabular data. The
intended task is classification.

---
#### Dataset Metadata
- **Licence:** Public
- **Original Data Source:** https://www.kaggle.com/datasets/rodsaldanha/arketing-campaign
- **Reference (please cite)**: Saldanha, Rodolfo. 'Marketing Campaign.' Kaggle, 2020, https://www.kaggle.com/datasets/rodsaldanha/arketing-campaign.
- **Dataset Year:** 2020
- **Dataset Descripti",No|Yes,Yes,No,2240.0,25.0,16.0,9.0,0.0,26.0,1.0,334.0,1906.0,0.1491071428571428,4.706586826347305,0.0004285714285714,1906.0,a8f79e75439bc8870ccd10e6ad226c1af8584b13fe31f422d5a5e47817a27e54,"{""binary"": true, ""rows_in_range"": true, ""has_continuous"": false, ""prevalence_ge_0_02"": true, ""prevalence_le_upper"": true, ""minority_count_ge_250"": true, ""missing_lt_10pct"": true, ""encoded_features_le_100"": true, ""tabpfn_envelope_balanced_train_le_10000"": true, ""treatment_intensity_r_ge_0_5"": true}",False,True,True,False,True,True,True,True,True,True,True,,,,,
openml:46941,46941,tabarena_v0.1,tabarena_v0.1:46941,maternal_health_risk,2026-08-31T21:41:31.617883+00:00,False,False,none,prefilter_not_binary:3.0,EXCLUDE,3,RiskLevel,"This dataset was curated for [TabArena](https://tabarena.ai/) by the TabArena team
as part of the [TabArena Tabular ML IID Study](https://tabarena.ai/data-tabular-ml-iid-study).
For more details on the study, see our [paper](https://tabarena.ai/paper-tabular-ml-iid-study).

**Dataset Focus**: This dataset shall be used for evaluating predictive machine
learning models for independent and identically distributed tabular data. The
intended task is classification.

---
#### Dataset Metadata
- **Licence:** CC BY 4.0
- **Original Data Source:** https://doi.org/10.24432/C5DP5D
- **Reference (please cite)**: Ahmed, Marzia, et al. 'Review and analysis of risk factor of maternal health in remote area using the Internet of Things (IoT).' InECCE2019: Proceedings of the 5th International Conference on",,,,,,,,,,,,,,,,,,,,,,,,,,,,,,,,,,
openml:46942,46942,tabarena_v0.1,tabarena_v0.1:46942,miami_housing,2026-08-31T21:41:31.618741+00:00,False,False,none,prefilter_rows_out_of_range:13776.0,EXCLUDE,3,SALE_PRC,"This dataset was curated for [TabArena](https://tabarena.ai/) by the TabArena team
as part of the [TabArena Tabular ML IID Study](https://tabarena.ai/data-tabular-ml-iid-study).
For more details on the study, see our [paper](https://tabarena.ai/paper-tabular-ml-iid-study).

**Dataset Focus**: This dataset shall be used for evaluating predictive machine
learning models for independent and identically distributed tabular data. The
intended task is regression.

---
#### Dataset Metadata
- **Licence:** CC BY-NC-SA
- **Original Data Source:** https://www.openml.org/search?type=data&id=43093&sort=runs&status=active
- **Reference (please cite)**: Bourassa, Steven C., et al. 'Big data, accessibility and urban house prices.' Urban Studies 58.15 (2021): 3176-3195. https://doi.org/10.1177/00420980209",,,,13776.0,,,,,,,,,,,,,,,,,,,,,,,,,,,,,,
openml:46947,46947,tabarena_v0.1,tabarena_v0.1:46947,online_shoppers_intention,2026-08-31T21:41:31.619517+00:00,False,False,none,prefilter_rows_out_of_range:12330.0,EXCLUDE,1,Revenue,"This dataset was curated for [TabArena](https://tabarena.ai/) by the TabArena team
as part of the [TabArena Tabular ML IID Study](https://tabarena.ai/data-tabular-ml-iid-study).
For more details on the study, see our [paper](https://tabarena.ai/paper-tabular-ml-iid-study).

**Dataset Focus**: This dataset shall be used for evaluating predictive machine
learning models for independent and identically distributed tabular data. The
intended task is classification.

---
#### Dataset Metadata
- **Licence:** CC BY 4.0
- **Original Data Source:** https://doi.org/10.24432/C5F88Q
- **Reference (please cite)**: Sakar, C. Okan, et al. 'Real-time prediction of online shoppers purchasing intention using multilayer perceptron and LSTM recurrent neural networks.' Neural Computing and Applications 31.10 (",,,,12330.0,,,,,,,,,,,,,,,,,,,,,,,,,,,,,,
openml:46949,46949,tabarena_v0.1,tabarena_v0.1:46949,physiochemical_protein,2026-08-31T21:41:31.620264+00:00,False,False,none,prefilter_rows_out_of_range:45730.0,EXCLUDE,8,ResidualSize,"This dataset was curated for [TabArena](https://tabarena.ai/) by the TabArena team
as part of the [TabArena Tabular ML IID Study](https://tabarena.ai/data-tabular-ml-iid-study).
For more details on the study, see our [paper](https://tabarena.ai/paper-tabular-ml-iid-study).

**Dataset Focus**: This dataset shall be used for evaluating predictive machine
learning models for independent and identically distributed tabular data. The
intended task is regression.

---
#### Dataset Metadata
- **Licence:** CC BY 4.0
- **Original Data Source:** https://doi.org/10.24432/C5QW3H
- **Reference (please cite)**: Rana, Prashant. 'Physicochemical Properties of Protein Tertiary Structure.' UCI Machine Learning Repository, 2013, https://doi.org/10.24432/C5QW3H.
- **Dataset Year:** 2013
- **Dataset Descriptio",,,,45730.0,,,,,,,,,,,,,,,,,,,,,,,,,,,,,,
openml:46950,46950,tabarena_v0.1,tabarena_v0.1:46950,polish_companies_bankruptcy,2026-08-31T21:41:31.621002+00:00,False,False,none,objective_fail:encoded_features_le_100,EXCLUDE,1,company_bankrupt,"This dataset was curated for [TabArena](https://tabarena.ai/) by the TabArena team
as part of the [TabArena Tabular ML IID Study](https://tabarena.ai/data-tabular-ml-iid-study).
For more details on the study, see our [paper](https://tabarena.ai/paper-tabular-ml-iid-study).

**Dataset Focus**: This dataset shall be used for evaluating predictive machine
learning models for independent and identically distributed tabular data. The
intended task is classification.

---
#### Dataset Metadata
- **Licence:** CC BY 4.0
- **Original Data Source:** https://doi.org/10.24432/C5F600
- **Reference (please cite)**: Zieba, Maciej, Sebastian K. Tomczak, and Jakub M. Tomczak. 'Ensemble boosted trees with synthetic features generation in application to bankruptcy prediction.' Expert systems with application",No|Yes,Yes,No,5910.0,64.0,64.0,0.0,64.0,113.0,49.0,410.0,5500.0,0.0693739424703891,12.414634146341465,0.0123360829103214,5500.0,262de257a843f294c62ef12dcb8bf9016c63bc7a34cbd6e87b5a649d86513e13,"{""binary"": true, ""rows_in_range"": true, ""has_continuous"": true, ""prevalence_ge_0_02"": true, ""prevalence_le_upper"": true, ""minority_count_ge_250"": true, ""missing_lt_10pct"": true, ""encoded_features_le_100"": false, ""tabpfn_envelope_balanced_train_le_10000"": true, ""treatment_intensity_r_ge_0_5"": true}",False,True,True,True,True,True,True,True,False,True,True,,,,,
openml:46952,46952,tabarena_v0.1,tabarena_v0.1:46952,qsar-biodeg,2026-08-31T21:41:31.695827+00:00,True,True,none,,KEEP,2,Biodegradable,"This dataset was curated for [TabArena](https://tabarena.ai/) by the TabArena team
as part of the [TabArena Tabular ML IID Study](https://tabarena.ai/data-tabular-ml-iid-study).
For more details on the study, see our [paper](https://tabarena.ai/paper-tabular-ml-iid-study).

**Dataset Focus**: This dataset shall be used for evaluating predictive machine
learning models for independent and identically distributed tabular data. The
intended task is classification.

---
#### Dataset Metadata
- **Licence:** CC BY 4.0
- **Original Data Source:** https://doi.org/10.24432/C5H60M
- **Reference (please cite)**: Mansouri, Kamel, et al. 'Quantitative structureactivity relationship models for ready biodegradability of chemicals.' Journal of chemical information and modeling 53.4 (2013): 867-878. https:",No|Yes,Yes,No,1054.0,41.0,36.0,5.0,17.0,41.0,0.0,355.0,699.0,0.3368121442125237,0.9690140845070424,0.0,700.0,8788778e74c1ffa3f4b7dc7553e0e55abd964463457187df98aedf2b24fb234f,"{""binary"": true, ""rows_in_range"": true, ""has_continuous"": true, ""prevalence_ge_0_02"": true, ""prevalence_le_upper"": true, ""minority_count_ge_250"": true, ""missing_lt_10pct"": true, ""encoded_features_le_100"": true, ""tabpfn_envelope_balanced_train_le_10000"": true, ""treatment_intensity_r_ge_0_5"": true}",False,True,True,True,True,True,True,True,True,True,True,PROPOSED_KEEP_METADATA_CLEAR,KEEP,tabarena_v0.1_curated_iid_no_semantic_keyword_hits,,
openml:46953,46953,tabarena_v0.1,tabarena_v0.1:46953,QSAR-TID-11,2026-08-31T21:41:31.720964+00:00,False,False,none,prefilter_not_binary:0.0,EXCLUDE,2,MEDIAN_PXC50,"This dataset was curated for [TabArena](https://tabarena.ai/) by the TabArena team
as part of the [TabArena Tabular ML IID Study](https://tabarena.ai/data-tabular-ml-iid-study).
For more details on the study, see our [paper](https://tabarena.ai/paper-tabular-ml-iid-study).

**Dataset Focus**: This dataset shall be used for evaluating predictive machine
learning models for independent and identically distributed tabular data. The
intended task is regression.

---
#### Dataset Metadata
- **Licence:** Public
- **Original Data Source:** https://www.openml.org/search?type=data&sort=runs&status=active&id=3050
- **Reference (please cite)**: Olier, Ivan, et al. 'Meta-QSAR: a large-scale application of meta-learning to drug design and discovery.' Machine Learning 107 (2018): 285-311. https://link.s",,,,,,,,,,,,,,,,,,,,,,,,,,,,,,,,,,
openml:46954,46954,tabarena_v0.1,tabarena_v0.1:46954,QSAR_fish_toxicity,2026-08-31T21:41:31.721798+00:00,False,False,none,prefilter_not_binary:0.0,EXCLUDE,8,LC50,"This dataset was curated for [TabArena](https://tabarena.ai/) by the TabArena team
as part of the [TabArena Tabular ML IID Study](https://tabarena.ai/data-tabular-ml-iid-study).
For more details on the study, see our [paper](https://tabarena.ai/paper-tabular-ml-iid-study).

**Dataset Focus**: This dataset shall be used for evaluating predictive machine
learning models for independent and identically distributed tabular data. The
intended task is regression.

---
#### Dataset Metadata
- **Licence:** CC BY 4.0
- **Original Data Source:** https://doi.org/10.24432/C5JG7B
- **Reference (please cite)**: Cassotti, Matteo, et al. 'A similarity-based QSAR model for predicting acute toxicity towards the fathead minnow (Pimephales promelas).' SAR and QSAR in Environmental Research 26.3 (2015): 217-24",,,,,,,,,,,,,,,,,,,,,,,,,,,,,,,,,,
openml:46955,46955,tabarena_v0.1,tabarena_v0.1:46955,SDSS17,2026-08-31T21:41:31.722538+00:00,False,False,none,prefilter_rows_out_of_range:78053.0,EXCLUDE,1,ObjectType,"This dataset was curated for [TabArena](https://tabarena.ai/) by the TabArena team
as part of the [TabArena Tabular ML IID Study](https://tabarena.ai/data-tabular-ml-iid-study).
For more details on the study, see our [paper](https://tabarena.ai/paper-tabular-ml-iid-study).

**Dataset Focus**: This dataset shall be used for evaluating predictive machine
learning models for independent and identically distributed tabular data. The
intended task is classification.

---
#### Dataset Metadata
- **Licence:** Public Domain
- **Original Data Source:** https://www.kaggle.com/datasets/fedesoriano/stellar-classification-dataset-sdss17
- **Reference (please cite)**: fedesoriano. (January 2022). 'Stellar Classification Dataset - SDSS17.' from https://www.kaggle.com/fedesoriano/stellar-classification-da",,,,78053.0,,,,,,,,,,,,,,,,,,,,,,,,,,,,,,
openml:46956,46956,tabarena_v0.1,tabarena_v0.1:46956,seismic-bumps,2026-08-31T21:41:31.723270+00:00,False,False,none,"objective_fail:has_continuous,minority_count_ge_250",EXCLUDE,4,HighEnergySeismicBump,"This dataset was curated for [TabArena](https://tabarena.ai/) by the TabArena team
as part of the [TabArena Tabular ML IID Study](https://tabarena.ai/data-tabular-ml-iid-study).
For more details on the study, see our [paper](https://tabarena.ai/paper-tabular-ml-iid-study).

**Dataset Focus**: This dataset shall be used for evaluating predictive machine
learning models for independent and identically distributed tabular data. The
intended task is classification.

---
#### Dataset Metadata
- **Licence:** CC BY 4.0
- **Original Data Source:** https://doi.org/10.24432/C5W902
- **Reference (please cite)**: Sikora, Marek, and ukasz Wrobel. 'Application of rule induction algorithms for analysis of data collected by seismic hazard monitoring systems in coal mines.' Archives of Mining Sciences 55.1",No|Yes,Yes,No,2584.0,15.0,11.0,4.0,0.0,15.0,0.0,170.0,2414.0,0.0657894736842105,13.2,0.0,2414.0,25bb2490941357ab509a43e7678fa26e4cab26bd92b96f48216303ee57194449,"{""binary"": true, ""rows_in_range"": true, ""has_continuous"": false, ""prevalence_ge_0_02"": true, ""prevalence_le_upper"": true, ""minority_count_ge_250"": false, ""missing_lt_10pct"": true, ""encoded_features_le_100"": true, ""tabpfn_envelope_balanced_train_le_10000"": true, ""treatment_intensity_r_ge_0_5"": true}",False,True,True,False,True,True,False,True,True,True,True,,,,,
openml:46958,46958,tabarena_v0.1,tabarena_v0.1:46958,splice,2026-08-31T21:41:31.752471+00:00,False,False,none,prefilter_not_binary:3.0,EXCLUDE,4,SiteType,"This dataset was curated for [TabArena](https://tabarena.ai/) by the TabArena team
as part of the [TabArena Tabular ML IID Study](https://tabarena.ai/data-tabular-ml-iid-study).
For more details on the study, see our [paper](https://tabarena.ai/paper-tabular-ml-iid-study).

**Dataset Focus**: This dataset shall be used for evaluating predictive machine
learning models for independent and identically distributed tabular data. The
intended task is classification.

---
#### Dataset Metadata
- **Licence:** CC BY 4.0
- **Original Data Source:** https://doi.org/10.24432/C5M888
- **Reference (please cite)**: Towell, Geoffrey G., and Jude W. Shavlik. 'Knowledge-based artificial neural networks.' Artificial intelligence 70.1-2 (1994): 119-165. https://doi.org/10.1016/0004-3702(94)90105-8
- **Datase",,,,,,,,,,,,,,,,,,,,,,,,,,,,,,,,,,
openml:46960,46960,tabarena_v0.1,tabarena_v0.1:46960,students_dropout_and_academic_success,2026-08-31T21:41:31.753331+00:00,False,False,none,prefilter_not_binary:3.0,EXCLUDE,1,AcademicOutcome,"This dataset was curated for [TabArena](https://tabarena.ai/) by the TabArena team
as part of the [TabArena Tabular ML IID Study](https://tabarena.ai/data-tabular-ml-iid-study).
For more details on the study, see our [paper](https://tabarena.ai/paper-tabular-ml-iid-study).

**Dataset Focus**: This dataset shall be used for evaluating predictive machine
learning models for independent and identically distributed tabular data. The
intended task is classification.

---
#### Dataset Metadata
- **Licence:** CC BY 4.0
- **Original Data Source:** https://doi.org/10.24432/C5MC89
- **Reference (please cite)**: Martins, Monica V., et al. 'Early prediction of students performance in higher education: A case study.' Trends and Applications in Information Systems and Technologies: Volume 1 9. Springer ",,,,,,,,,,,,,,,,,,,,,,,,,,,,,,,,,,
openml:46961,46961,tabarena_v0.1,tabarena_v0.1:46961,superconductivity,2026-08-31T21:41:31.754099+00:00,False,False,none,prefilter_rows_out_of_range:21263.0,EXCLUDE,8,critical_temp,"This dataset was curated for [TabArena](https://tabarena.ai/) by the TabArena team
as part of the [TabArena Tabular ML IID Study](https://tabarena.ai/data-tabular-ml-iid-study).
For more details on the study, see our [paper](https://tabarena.ai/paper-tabular-ml-iid-study).

**Dataset Focus**: This dataset shall be used for evaluating predictive machine
learning models for independent and identically distributed tabular data. The
intended task is regression.

---
#### Dataset Metadata
- **Licence:** CC BY 4.0
- **Original Data Source:** https://doi.org/10.24432/C53P47
- **Reference (please cite)**: Hamidieh, Kam. 'A data-driven statistical model for predicting the critical temperature of a superconductor.' Computational Materials Science 154 (2018): 346-354. https://doi.org/10.1016/j.commat",,,,21263.0,,,,,,,,,,,,,,,,,,,,,,,,,,,,,,
openml:46962,46962,tabarena_v0.1,tabarena_v0.1:46962,taiwanese_bankruptcy_prediction,2026-08-31T21:41:31.754851+00:00,False,False,none,objective_fail:minority_count_ge_250,EXCLUDE,1,Bankrupt,"This dataset was curated for [TabArena](https://tabarena.ai/) by the TabArena team
as part of the [TabArena Tabular ML IID Study](https://tabarena.ai/data-tabular-ml-iid-study).
For more details on the study, see our [paper](https://tabarena.ai/paper-tabular-ml-iid-study).

**Dataset Focus**: This dataset shall be used for evaluating predictive machine
learning models for independent and identically distributed tabular data. The
intended task is classification.

---
#### Dataset Metadata
- **Licence:** CC BY 4.0
- **Original Data Source:** https://doi.org/10.24432/C5004D
- **Reference (please cite)**: Liang, Deron, et al. 'Financial ratios and corporate governance indicators in bankruptcy prediction: A comprehensive study.' European journal of operational research 252.2 (2016): 561-572. ht",No|Yes,Yes,No,6819.0,94.0,94.0,0.0,93.0,94.0,0.0,220.0,6599.0,0.0322627951312509,28.995454545454542,0.0,6600.0,8426262b446d9b4ad3233b1e39d9640d2b42ef98275f52be61d2421118f33145,"{""binary"": true, ""rows_in_range"": true, ""has_continuous"": true, ""prevalence_ge_0_02"": true, ""prevalence_le_upper"": true, ""minority_count_ge_250"": false, ""missing_lt_10pct"": true, ""encoded_features_le_100"": true, ""tabpfn_envelope_balanced_train_le_10000"": true, ""treatment_intensity_r_ge_0_5"": true}",False,True,True,True,True,True,False,True,True,True,True,,,,,
openml:46963,46963,tabarena_v0.1,tabarena_v0.1:46963,website_phishing,2026-08-31T21:41:31.839142+00:00,False,False,none,prefilter_not_binary:3.0,EXCLUDE,1,WebsiteType,"This dataset was curated for [TabArena](https://tabarena.ai/) by the TabArena team
as part of the [TabArena Tabular ML IID Study](https://tabarena.ai/data-tabular-ml-iid-study).
For more details on the study, see our [paper](https://tabarena.ai/paper-tabular-ml-iid-study).

**Dataset Focus**: This dataset shall be used for evaluating predictive machine
learning models for independent and identically distributed tabular data. The
intended task is classification.

---
#### Dataset Metadata
- **Licence:** CC BY 4.0
- **Original Data Source:** https://doi.org/10.24432/C5B301
- **Reference (please cite)**: Abdelhamid, Neda, Aladdin Ayesh, and Fadi Thabtah. 'Phishing detection based associative classification data mining.' Expert Systems with Applications 41.13 (2014): 5948-5959. https://doi.org",,,,,,,,,,,,,,,,,,,,,,,,,,,,,,,,,,
openml:46964,46964,tabarena_v0.1,tabarena_v0.1:46964,wine_quality,2026-08-31T21:41:31.840093+00:00,False,False,none,prefilter_not_binary:0.0,EXCLUDE,7,median_wine_quality,"This dataset was curated for [TabArena](https://tabarena.ai/) by the TabArena team
as part of the [TabArena Tabular ML IID Study](https://tabarena.ai/data-tabular-ml-iid-study).
For more details on the study, see our [paper](https://tabarena.ai/paper-tabular-ml-iid-study).

**Dataset Focus**: This dataset shall be used for evaluating predictive machine
learning models for independent and identically distributed tabular data. The
intended task is regression.

---
#### Dataset Metadata
- **Licence:** CC BY 4.0
- **Original Data Source:** https://doi.org/10.24432/C56S3T
- **Reference (please cite)**: Cortez, Paulo, et al. 'Modeling wine preferences by data mining from physicochemical properties.' Decision support systems 47.4 (2009): 547-553. https://doi.org/10.1016/j.dss.2009.05.016
- **Data",,,,,,,,,,,,,,,,,,,,,,,,,,,,,,,,,,
openml:46969,46969,tabarena_v0.1,tabarena_v0.1:46969,NATICUSdroid,2026-08-31T21:41:31.840882+00:00,False,False,none,objective_fail:has_continuous,EXCLUDE,3,Malware,"This dataset was curated for [TabArena](https://tabarena.ai/) by the TabArena team
as part of the [TabArena Tabular ML IID Study](https://tabarena.ai/data-tabular-ml-iid-study).
For more details on the study, see our [paper](https://tabarena.ai/paper-tabular-ml-iid-study).

**Dataset Focus**: This dataset shall be used for evaluating predictive machine
learning models for independent and identically distributed tabular data. The
intended task is classification.

---
#### Dataset Metadata
- **Licence:** CC BY 4.0
- **Original Data Source:** https://doi.org/10.24432/C5FS64
- **Reference (please cite)**: Mathur, Akshay, et al. 'NATICUSdroid: A malware detection framework for Android using native and custom permissions.' Journal of Information Security and Applications 58 (2021): 102696. https",No|Yes,Yes,No,7491.0,86.0,0.0,86.0,0.0,86.0,0.0,2624.0,4867.0,0.3502870110799626,0.8548018292682926,0.0,4866.0,8d0589f666453c4af0c6c50ff62486cf2eaea6917e9f4b4cfe16e6cb85a150e9,"{""binary"": true, ""rows_in_range"": true, ""has_continuous"": false, ""prevalence_ge_0_02"": true, ""prevalence_le_upper"": true, ""minority_count_ge_250"": true, ""missing_lt_10pct"": true, ""encoded_features_le_100"": true, ""tabpfn_envelope_balanced_train_le_10000"": true, ""treatment_intensity_r_ge_0_5"": true}",False,True,True,False,True,True,True,True,True,True,True,,,,,
openml:46979,46979,tabarena_v0.1,tabarena_v0.1:46979,jm1,2026-08-31T21:41:31.906240+00:00,False,False,none,prefilter_rows_out_of_range:10885.0,EXCLUDE,3,defects,"This dataset was curated for [TabArena](https://tabarena.ai/) by the TabArena team
as part of the [TabArena Tabular ML IID Study](https://tabarena.ai/data-tabular-ml-iid-study).
For more details on the study, see our [paper](https://tabarena.ai/paper-tabular-ml-iid-study).

**Dataset Focus**: This dataset shall be used for evaluating predictive machine
learning models for independent and identically distributed tabular data. The
intended task is classification.

---
#### Dataset Metadata
- **Licence:** Public Domain
- **Original Data Source:** https://www.openml.org/d/1053
- **Reference (please cite)**: How Good is Your Blind Spot Sampling Policy?; 2003; Tim Menzies and Justin S. Di Stefano; 2004 IEEE Conference on High Assurance Software Engineering (http://menzies.us/pdf/03blind.pdf).
- ",,,,10885.0,,,,,,,,,,,,,,,,,,,,,,,,,,,,,,
openml:46980,46980,tabarena_v0.1,tabarena_v0.1:46980,MIC,2026-08-31T21:41:31.907125+00:00,False,False,none,prefilter_not_binary:8.0,EXCLUDE,3,LET_IS,"This dataset was curated for [TabArena](https://tabarena.ai/) by the TabArena team
as part of the [TabArena Tabular ML IID Study](https://tabarena.ai/data-tabular-ml-iid-study).
For more details on the study, see our [paper](https://tabarena.ai/paper-tabular-ml-iid-study).

**Dataset Focus**: This dataset shall be used for evaluating predictive machine
learning models for independent and identically distributed tabular data. The
intended task is classification.

---
#### Dataset Metadata
- **Licence:** CC BY 4.0
- **Original Data Source:** https://doi.org/10.24432/C53P5M
- **Reference (please cite)**: Golovenkin, Sergey E., et al. 'Trajectories, bifurcations, and pseudo-time in large clinical datasets: applications to myocardial infarction and diabetes data.' GigaScience 9.11 (2020): giaa1",,,,,,,,,,,,,,,,,,,,,,,,,,,,,,,,,,
